<?xml version="1.0" encoding="utf-8"?><feed xmlns="http://www.w3.org/2005/Atom" ><generator uri="https://jekyllrb.com/" version="4.0.0">Jekyll</generator><link href="http://localhost:4000/feed.xml" rel="self" type="application/atom+xml" /><link href="http://localhost:4000/" rel="alternate" type="text/html" /><updated>2019-11-14T02:50:42+03:00</updated><id>http://localhost:4000/feed.xml</id><title type="html">Sofa</title><subtitle></subtitle><author><name>dima</name></author><entry><title type="html">Как подсветить одинаковые ячейки в google sheets</title><link href="http://localhost:4000/other/2019/06/24/kak-vydelit-odinakovye-yacheiki-v-google-sheets.html" rel="alternate" type="text/html" title="Как подсветить одинаковые ячейки в google sheets" /><published>2019-06-24T00:00:00+03:00</published><updated>2019-06-24T00:00:00+03:00</updated><id>http://localhost:4000/other/2019/06/24/kak-vydelit-odinakovye-yacheiki-v-google-sheets</id><content type="html" xml:base="http://localhost:4000/other/2019/06/24/kak-vydelit-odinakovye-yacheiki-v-google-sheets.html">&lt;ul&gt;
  &lt;li&gt;выделили диапазон&lt;/li&gt;
  &lt;li&gt;кликнули “формат”&lt;/li&gt;
  &lt;li&gt;условное форматирование&lt;/li&gt;
  &lt;li&gt;форматирование ячеек “Ваша формула”&lt;/li&gt;
  &lt;li&gt;вставили формулу &lt;code class=&quot;highlighter-rouge&quot;&gt;=AND(NOT(ISBLANK(A1)); COUNTIF($A$1:$F; &quot;=&quot; &amp;amp; A1) &amp;gt; 1)&lt;/code&gt;&lt;/li&gt;
  &lt;li&gt;магия&lt;/li&gt;
&lt;/ul&gt;

&lt;!-- image
![GitHub Logo](/images/logo.png)
Format: ![Alt Text](url)
--&gt;

&lt;!-- Link
[GitHub](http://github.com)
---&gt;

&lt;!-- to-do list
- [x] this is a complete item
- [ ] this is an incomplete item
--&gt;

&lt;!-- Table

First Header | Second Header
------------ | -------------
Content cell 1 | Content cell 2
Content column 1 | Content column 2

--&gt;</content><author><name>dima</name></author><category term="untagged" /><summary type="html">выделили диапазон кликнули “формат” условное форматирование форматирование ячеек “Ваша формула” вставили формулу =AND(NOT(ISBLANK(A1)); COUNTIF($A$1:$F; &quot;=&quot; &amp;amp; A1) &amp;gt; 1) магия</summary></entry><entry><title type="html">Мини-гайд по работе с документами в Bash</title><link href="http://localhost:4000/other/2019/06/22/mini-guide-po-rabote-s-dokami-v-bash.html" rel="alternate" type="text/html" title="Мини-гайд по работе с документами в Bash" /><published>2019-06-22T00:00:00+03:00</published><updated>2019-06-22T00:00:00+03:00</updated><id>http://localhost:4000/other/2019/06/22/mini-guide-po-rabote-s-dokami-v-bash</id><content type="html" xml:base="http://localhost:4000/other/2019/06/22/mini-guide-po-rabote-s-dokami-v-bash.html">&lt;p&gt;&lt;i&gt;Еще нужно дописать про копирование, поиск и другие операции в Терминале&lt;/i&gt;&lt;/p&gt;

&lt;p&gt;Чтобы показать список файлов и папок в текущей директории:&lt;/p&gt;

&lt;div class=&quot;language-bash highlighter-rouge&quot;&gt;&lt;div class=&quot;highlight&quot;&gt;&lt;pre class=&quot;highlight&quot;&gt;&lt;code&gt;&lt;span class=&quot;nb&quot;&gt;ls&lt;/span&gt;
&lt;/code&gt;&lt;/pre&gt;&lt;/div&gt;&lt;/div&gt;

&lt;p&gt;Чтобы узнать в каком директории мы нахдимся (print working directory):&lt;/p&gt;

&lt;div class=&quot;language-bash highlighter-rouge&quot;&gt;&lt;div class=&quot;highlight&quot;&gt;&lt;pre class=&quot;highlight&quot;&gt;&lt;code&gt;&lt;span class=&quot;nb&quot;&gt;pwd&lt;/span&gt;
&lt;/code&gt;&lt;/pre&gt;&lt;/div&gt;&lt;/div&gt;

&lt;p&gt;Чтобы создать директорий:&lt;/p&gt;

&lt;div class=&quot;language-bash highlighter-rouge&quot;&gt;&lt;div class=&quot;highlight&quot;&gt;&lt;pre class=&quot;highlight&quot;&gt;&lt;code&gt;&lt;span class=&quot;nb&quot;&gt;mkdir &lt;/span&gt;folder_name
&lt;/code&gt;&lt;/pre&gt;&lt;/div&gt;&lt;/div&gt;

&lt;p&gt;Чтобы изменить директорию (и мы попадем в папку folder_name):&lt;/p&gt;

&lt;div class=&quot;language-bash highlighter-rouge&quot;&gt;&lt;div class=&quot;highlight&quot;&gt;&lt;pre class=&quot;highlight&quot;&gt;&lt;code&gt;&lt;span class=&quot;nb&quot;&gt;cd &lt;/span&gt;folder_name
&lt;/code&gt;&lt;/pre&gt;&lt;/div&gt;&lt;/div&gt;

&lt;p&gt;Чтобы выйти на уровень выше:&lt;/p&gt;

&lt;div class=&quot;language-bash highlighter-rouge&quot;&gt;&lt;div class=&quot;highlight&quot;&gt;&lt;pre class=&quot;highlight&quot;&gt;&lt;code&gt;&lt;span class=&quot;nb&quot;&gt;cd&lt;/span&gt; ..
&lt;/code&gt;&lt;/pre&gt;&lt;/div&gt;&lt;/div&gt;

&lt;p&gt;Чтобы удалить директорию:&lt;/p&gt;

&lt;div class=&quot;language-bash highlighter-rouge&quot;&gt;&lt;div class=&quot;highlight&quot;&gt;&lt;pre class=&quot;highlight&quot;&gt;&lt;code&gt;&lt;span class=&quot;nb&quot;&gt;rm&lt;/span&gt; &lt;span class=&quot;nt&quot;&gt;-r&lt;/span&gt; folder_name
&lt;/code&gt;&lt;/pre&gt;&lt;/div&gt;&lt;/div&gt;

&lt;p&gt;Чтобы создать файл в текущей директории:&lt;/p&gt;

&lt;div class=&quot;language-bash highlighter-rouge&quot;&gt;&lt;div class=&quot;highlight&quot;&gt;&lt;pre class=&quot;highlight&quot;&gt;&lt;code&gt;&lt;span class=&quot;nb&quot;&gt;touch &lt;/span&gt;file_name.txt
&lt;/code&gt;&lt;/pre&gt;&lt;/div&gt;&lt;/div&gt;

&lt;p&gt;Чтобы что-то записать в файл:&lt;/p&gt;

&lt;div class=&quot;language-bash highlighter-rouge&quot;&gt;&lt;div class=&quot;highlight&quot;&gt;&lt;pre class=&quot;highlight&quot;&gt;&lt;code&gt;&lt;span class=&quot;nb&quot;&gt;echo&lt;/span&gt; &lt;span class=&quot;s2&quot;&gt;&quot;Это просто текст&quot;&lt;/span&gt; &lt;span class=&quot;o&quot;&gt;&amp;gt;&lt;/span&gt; file_name.txt
&lt;/code&gt;&lt;/pre&gt;&lt;/div&gt;&lt;/div&gt;

&lt;p&gt;Чтобы не перезаписывать текст внутри файла, а &lt;strong&gt;дописать&lt;/strong&gt;. Текст вводится обычными строчками:&lt;/p&gt;

&lt;div class=&quot;language-bash highlighter-rouge&quot;&gt;&lt;div class=&quot;highlight&quot;&gt;&lt;pre class=&quot;highlight&quot;&gt;&lt;code&gt;&lt;span class=&quot;nb&quot;&gt;echo&lt;/span&gt; &lt;span class=&quot;s2&quot;&gt;&quot;Это уже дописанный текст&quot;&lt;/span&gt; &lt;span class=&quot;o&quot;&gt;&amp;gt;&amp;gt;&lt;/span&gt; file_name.txt
&lt;/code&gt;&lt;/pre&gt;&lt;/div&gt;&lt;/div&gt;

&lt;p&gt;Чтобы как-то посмотреть, что лежит внутри файла:&lt;/p&gt;

&lt;div class=&quot;language-bash highlighter-rouge&quot;&gt;&lt;div class=&quot;highlight&quot;&gt;&lt;pre class=&quot;highlight&quot;&gt;&lt;code&gt;&lt;span class=&quot;nb&quot;&gt;cat &lt;/span&gt;file_name.txt
&lt;/code&gt;&lt;/pre&gt;&lt;/div&gt;&lt;/div&gt;

&lt;p&gt;Таким же образом можно создать &lt;code class=&quot;highlighter-rouge&quot;&gt;python&lt;/code&gt; скрипт. Файл создастся автоматически.&lt;/p&gt;

&lt;div class=&quot;language-bash highlighter-rouge&quot;&gt;&lt;div class=&quot;highlight&quot;&gt;&lt;pre class=&quot;highlight&quot;&gt;&lt;code&gt;&lt;span class=&quot;nb&quot;&gt;echo&lt;/span&gt; &lt;span class=&quot;s2&quot;&gt;&quot;print('Hello World! Iam text from file.')&quot;&lt;/span&gt; &lt;span class=&quot;o&quot;&gt;&amp;gt;&lt;/span&gt; code.py
&lt;/code&gt;&lt;/pre&gt;&lt;/div&gt;&lt;/div&gt;

&lt;p&gt;Чтобы запустить &lt;code class=&quot;highlighter-rouge&quot;&gt;python&lt;/code&gt; файл используем команду (произойдет магия):&lt;/p&gt;

&lt;div class=&quot;language-bash highlighter-rouge&quot;&gt;&lt;div class=&quot;highlight&quot;&gt;&lt;pre class=&quot;highlight&quot;&gt;&lt;code&gt;python code.py
&lt;/code&gt;&lt;/pre&gt;&lt;/div&gt;&lt;/div&gt;

&lt;p&gt;Чтобы удалить файл используем:&lt;/p&gt;

&lt;div class=&quot;language-bash highlighter-rouge&quot;&gt;&lt;div class=&quot;highlight&quot;&gt;&lt;pre class=&quot;highlight&quot;&gt;&lt;code&gt;&lt;span class=&quot;nb&quot;&gt;rm &lt;/span&gt;code.py
&lt;/code&gt;&lt;/pre&gt;&lt;/div&gt;&lt;/div&gt;

&lt;p&gt;Чтобы посмотреть где находится программа &lt;code class=&quot;highlighter-rouge&quot;&gt;python&lt;/code&gt;:&lt;/p&gt;

&lt;div class=&quot;language-bash highlighter-rouge&quot;&gt;&lt;div class=&quot;highlight&quot;&gt;&lt;pre class=&quot;highlight&quot;&gt;&lt;code&gt;which python
&lt;/code&gt;&lt;/pre&gt;&lt;/div&gt;&lt;/div&gt;

&lt;p&gt;Важно не называть папки/файлы кириллицей&lt;/p&gt;</content><author><name>dima</name></author><summary type="html">Еще нужно дописать про копирование, поиск и другие операции в Терминале</summary></entry><entry><title type="html">Основы Python 3</title><link href="http://localhost:4000/python/2019/06/01/basic-python.html" rel="alternate" type="text/html" title="Основы Python 3" /><published>2019-06-01T00:00:00+03:00</published><updated>2019-06-01T00:00:00+03:00</updated><id>http://localhost:4000/python/2019/06/01/basic-python</id><content type="html" xml:base="http://localhost:4000/python/2019/06/01/basic-python.html">&lt;p&gt;Конспект курса.  &lt;b&gt;&lt;i&gt;Не дописан блок 2, блок 6+. Дописать про созалние словаря&lt;/i&gt;&lt;/b&gt;&lt;/p&gt;

&lt;h2 id=&quot;блок-1-про-переменные&quot;&gt;Блок 1. Про переменные&lt;/h2&gt;

&lt;p&gt;&lt;strong&gt;Именование переменных&lt;/strong&gt;
Имя переменной:&lt;/p&gt;
&lt;ul&gt;
  &lt;li&gt;может состоять только из букв, цифр и знакаподчеркивания&lt;/li&gt;
  &lt;li&gt;НЕ может начинаться с цифры&lt;/li&gt;
  &lt;li&gt;НЕ может использовать ключенвые слова. Посмотреть список можно »&amp;gt;help(‘keywords)&lt;/li&gt;
  &lt;li&gt;имя переменной должно начинаться с маленькой буквы&lt;/li&gt;
  &lt;li&gt;не начинать с “_”&lt;/li&gt;
  &lt;li&gt;имя должно описывать суть&lt;/li&gt;
  &lt;li&gt;длина переменной не более 15 символов&lt;/li&gt;
  &lt;li&gt;использовать только английские слова&lt;/li&gt;
  &lt;li&gt;для разделения слов “_”&lt;/li&gt;
&lt;/ul&gt;

&lt;p&gt;Питон &lt;strong&gt;регистрозависимый&lt;/strong&gt; язык&lt;/p&gt;

&lt;p&gt;&lt;strong&gt;Типы переменных в Python, преобразвание типов&lt;/strong&gt;&lt;/p&gt;
&lt;ul&gt;
  &lt;li&gt;int - целые&lt;/li&gt;
  &lt;li&gt;float - вещественные (с точкой)&lt;/li&gt;
  &lt;li&gt;str - строки - любая последовательность символов&lt;/li&gt;
  &lt;li&gt;bool - логические (True и False)&lt;/li&gt;
&lt;/ul&gt;

&lt;p&gt;&lt;strong&gt;Преобразование типов:&lt;/strong&gt;&lt;/p&gt;
&lt;ul&gt;
  &lt;li&gt;int(значение) - в целые числа&lt;/li&gt;
  &lt;li&gt;float(значение) - в вещественные числа&lt;/li&gt;
  &lt;li&gt;str(значение) - в строку&lt;/li&gt;
&lt;/ul&gt;

&lt;div class=&quot;language-javascript highlighter-rouge&quot;&gt;&lt;div class=&quot;highlight&quot;&gt;&lt;pre class=&quot;highlight&quot;&gt;&lt;code&gt;&lt;span class=&quot;kd&quot;&gt;function&lt;/span&gt; &lt;span class=&quot;nx&quot;&gt;test&lt;/span&gt;&lt;span class=&quot;p&quot;&gt;()&lt;/span&gt; &lt;span class=&quot;p&quot;&gt;{&lt;/span&gt;
 &lt;span class=&quot;nx&quot;&gt;console&lt;/span&gt;&lt;span class=&quot;p&quot;&gt;.&lt;/span&gt;&lt;span class=&quot;nx&quot;&gt;log&lt;/span&gt;&lt;span class=&quot;p&quot;&gt;(&lt;/span&gt;&lt;span class=&quot;dl&quot;&gt;&quot;&lt;/span&gt;&lt;span class=&quot;s2&quot;&gt;look ma’, no spaces&lt;/span&gt;&lt;span class=&quot;dl&quot;&gt;&quot;&lt;/span&gt;&lt;span class=&quot;p&quot;&gt;);&lt;/span&gt;
&lt;span class=&quot;p&quot;&gt;}&lt;/span&gt;

&lt;/code&gt;&lt;/pre&gt;&lt;/div&gt;&lt;/div&gt;
&lt;p&gt;&lt;em&gt;Пример 1&lt;/em&gt;&lt;/p&gt;
&lt;div class=&quot;language-python highlighter-rouge&quot;&gt;&lt;div class=&quot;highlight&quot;&gt;&lt;pre class=&quot;highlight&quot;&gt;&lt;code&gt;&lt;span class=&quot;o&quot;&gt;&amp;gt;&amp;gt;&amp;gt;&lt;/span&gt;&lt;span class=&quot;n&quot;&gt;itn&lt;/span&gt;&lt;span class=&quot;p&quot;&gt;(&lt;/span&gt;&lt;span class=&quot;mf&quot;&gt;1.99&lt;/span&gt;&lt;span class=&quot;p&quot;&gt;)&lt;/span&gt;
&lt;span class=&quot;mi&quot;&gt;1&lt;/span&gt;
&lt;/code&gt;&lt;/pre&gt;&lt;/div&gt;&lt;/div&gt;

&lt;p&gt;&lt;em&gt;Пример 2&lt;/em&gt;&lt;/p&gt;
&lt;div class=&quot;language-python highlighter-rouge&quot;&gt;&lt;div class=&quot;highlight&quot;&gt;&lt;pre class=&quot;highlight&quot;&gt;&lt;code&gt;&lt;span class=&quot;o&quot;&gt;&amp;gt;&amp;gt;&amp;gt;&lt;/span&gt; &lt;span class=&quot;n&quot;&gt;s&lt;/span&gt; &lt;span class=&quot;o&quot;&gt;=&lt;/span&gt; &lt;span class=&quot;s&quot;&gt;'100'&lt;/span&gt;
&lt;span class=&quot;o&quot;&gt;&amp;gt;&amp;gt;&amp;gt;&lt;/span&gt; &lt;span class=&quot;nb&quot;&gt;int&lt;/span&gt;&lt;span class=&quot;p&quot;&gt;(&lt;/span&gt;&lt;span class=&quot;n&quot;&gt;s&lt;/span&gt;&lt;span class=&quot;p&quot;&gt;)&lt;/span&gt;
&lt;span class=&quot;mi&quot;&gt;100&lt;/span&gt;
&lt;span class=&quot;o&quot;&gt;&amp;gt;&amp;gt;&amp;gt;&lt;/span&gt;&lt;span class=&quot;nb&quot;&gt;float&lt;/span&gt; &lt;span class=&quot;p&quot;&gt;(&lt;/span&gt;&lt;span class=&quot;n&quot;&gt;s&lt;/span&gt;&lt;span class=&quot;p&quot;&gt;)&lt;/span&gt;
&lt;span class=&quot;mf&quot;&gt;100.0&lt;/span&gt;
&lt;/code&gt;&lt;/pre&gt;&lt;/div&gt;&lt;/div&gt;

&lt;p&gt;&lt;strong&gt;Операторы в Python&lt;/strong&gt;&lt;/p&gt;
&lt;ul&gt;
  &lt;li&gt;” + “ - (можно применять к строкам)&lt;/li&gt;
  &lt;li&gt;” * “ - (можно применять к строкам)&lt;/li&gt;
  &lt;li&gt;” - “ -&lt;/li&gt;
  &lt;li&gt;” / “ -&lt;/li&gt;
  &lt;li&gt;” ** “ - возведение в степень&lt;/li&gt;
  &lt;li&gt;” % “ - делит левый операнд на правый и возвращает остаток&lt;/li&gt;
  &lt;li&gt;” // “ - целочисленное деление&lt;/li&gt;
  &lt;li&gt;abs(x) - возвращает абсолюное значение числа х&lt;/li&gt;
  &lt;li&gt;round(number[, ndigits]) - округление числа number до колиества знаков - ndigits&lt;/li&gt;
&lt;/ul&gt;

&lt;p&gt;&lt;strong&gt;Операторы присваивания&lt;/strong&gt;&lt;/p&gt;

&lt;table&gt;
  &lt;thead&gt;
    &lt;tr&gt;
      &lt;th&gt;Арифметический оператор&lt;/th&gt;
      &lt;th&gt;Оператор присваивания&lt;/th&gt;
      &lt;th&gt; &lt;/th&gt;
      &lt;th&gt; &lt;/th&gt;
    &lt;/tr&gt;
  &lt;/thead&gt;
  &lt;tbody&gt;
    &lt;tr&gt;
      &lt;td&gt;Оператор&lt;/td&gt;
      &lt;td&gt;Пример&lt;/td&gt;
      &lt;td&gt;Оператор&lt;/td&gt;
      &lt;td&gt;Пример&lt;/td&gt;
    &lt;/tr&gt;
  &lt;/tbody&gt;
  &lt;tbody&gt;
    &lt;tr&gt;
      &lt;td&gt;”+”&lt;/td&gt;
      &lt;td&gt;a = a + 1&lt;/td&gt;
      &lt;td&gt;”+=”&lt;/td&gt;
      &lt;td&gt;a += 1&lt;/td&gt;
    &lt;/tr&gt;
    &lt;tr&gt;
      &lt;td&gt;“*”&lt;/td&gt;
      &lt;td&gt;a = a * 2&lt;/td&gt;
      &lt;td&gt;” *= “&lt;/td&gt;
      &lt;td&gt;a *= 5&lt;/td&gt;
    &lt;/tr&gt;
    &lt;tr&gt;
      &lt;td&gt;”-“&lt;/td&gt;
      &lt;td&gt;a = a - 2&lt;/td&gt;
      &lt;td&gt;” -= “&lt;/td&gt;
      &lt;td&gt;a -= 3&lt;/td&gt;
    &lt;/tr&gt;
    &lt;tr&gt;
      &lt;td&gt;“**”&lt;/td&gt;
      &lt;td&gt;a = a ** 2&lt;/td&gt;
      &lt;td&gt;” **= “&lt;/td&gt;
      &lt;td&gt;a **= 3&lt;/td&gt;
    &lt;/tr&gt;
    &lt;tr&gt;
      &lt;td&gt;”%”&lt;/td&gt;
      &lt;td&gt;a = a % 2&lt;/td&gt;
      &lt;td&gt;” %= “&lt;/td&gt;
      &lt;td&gt;a %= 3&lt;/td&gt;
    &lt;/tr&gt;
    &lt;tr&gt;
      &lt;td&gt;”//”&lt;/td&gt;
      &lt;td&gt;a = a // 2&lt;/td&gt;
      &lt;td&gt;” //= “&lt;/td&gt;
      &lt;td&gt;a //= 3&lt;/td&gt;
    &lt;/tr&gt;
  &lt;/tbody&gt;
&lt;/table&gt;

&lt;p&gt;&lt;strong&gt;Операторы сравнения&lt;/strong&gt;&lt;/p&gt;

&lt;table&gt;
  &lt;thead&gt;
    &lt;tr&gt;
      &lt;th&gt;Оператор&lt;/th&gt;
      &lt;th&gt;Описание&lt;/th&gt;
      &lt;th&gt;Результат выполене многния&lt;/th&gt;
    &lt;/tr&gt;
  &lt;/thead&gt;
  &lt;tbody&gt;
    &lt;tr&gt;
      &lt;td&gt;&lt;code class=&quot;highlighter-rouge&quot;&gt;==&lt;/code&gt;&lt;/td&gt;
      &lt;td&gt;Проверяет равны ли оба операнда&lt;/td&gt;
      &lt;td&gt;Если ДА, возвращает True, иначе False&lt;/td&gt;
    &lt;/tr&gt;
    &lt;tr&gt;
      &lt;td&gt;&lt;code class=&quot;highlighter-rouge&quot;&gt;!=&lt;/code&gt;&lt;/td&gt;
      &lt;td&gt;Проверяет равны ли оба операнда&lt;/td&gt;
      &lt;td&gt;Если НЕТ, возвращает True, иначе False&lt;/td&gt;
    &lt;/tr&gt;
    &lt;tr&gt;
      &lt;td&gt;&lt;code class=&quot;highlighter-rouge&quot;&gt;&amp;lt;&amp;gt;&lt;/code&gt;&lt;/td&gt;
      &lt;td&gt;Проверяет больше ли значение левого операнда, чем значение правого&lt;/td&gt;
      &lt;td&gt;Если ДА, возвращает True, иначе False&lt;/td&gt;
    &lt;/tr&gt;
    &lt;tr&gt;
      &lt;td&gt;&lt;code class=&quot;highlighter-rouge&quot;&gt;&amp;gt;&lt;/code&gt;&lt;/td&gt;
      &lt;td&gt;Проверяет больше ли значение левого операнда&lt;/td&gt;
      &lt;td&gt;Если ДА, возвращает True&lt;/td&gt;
    &lt;/tr&gt;
    &lt;tr&gt;
      &lt;td&gt;&lt;code class=&quot;highlighter-rouge&quot;&gt;&amp;lt;&lt;/code&gt;&lt;/td&gt;
      &lt;td&gt;Проверяет меньше ли значение левого операнда&lt;/td&gt;
      &lt;td&gt;Если ДА, возвращает True&lt;/td&gt;
    &lt;/tr&gt;
    &lt;tr&gt;
      &lt;td&gt;&lt;code class=&quot;highlighter-rouge&quot;&gt;&amp;gt;=&lt;/code&gt;&lt;/td&gt;
      &lt;td&gt;Понятно&lt;/td&gt;
      &lt;td&gt;Если ДА, возвращает True&lt;/td&gt;
    &lt;/tr&gt;
    &lt;tr&gt;
      &lt;td&gt;&lt;code class=&quot;highlighter-rouge&quot;&gt;&amp;lt;=&lt;/code&gt;&lt;/td&gt;
      &lt;td&gt;Понятно&lt;/td&gt;
      &lt;td&gt;Если ДА, возвращает True&lt;/td&gt;
    &lt;/tr&gt;
  &lt;/tbody&gt;
&lt;/table&gt;

&lt;p&gt;&lt;strong&gt;Логические операторы&lt;/strong&gt;
Очень много нужно дописать&lt;/p&gt;

&lt;h2 id=&quot;блок-2-основы-ввода-вода-print-input&quot;&gt;Блок 2. Основы ввода-вода. Print, input&lt;/h2&gt;
&lt;p&gt;Встроенные функции print и input
Аргумент —-&amp;gt; Функция —-&amp;gt; Значение
Всторенные функции (можно чек в документации)&lt;/p&gt;

&lt;p&gt;Комменты пишем через “#”.  Комменты пишем на отдельных строках.&lt;/p&gt;

&lt;p&gt;input - всегда возвращает строку.
Пример с присваиванием:&lt;/p&gt;

&lt;div class=&quot;language-python highlighter-rouge&quot;&gt;&lt;div class=&quot;highlight&quot;&gt;&lt;pre class=&quot;highlight&quot;&gt;&lt;code&gt;&lt;span class=&quot;o&quot;&gt;&amp;gt;&amp;gt;&amp;gt;&lt;/span&gt; &lt;span class=&quot;n&quot;&gt;age&lt;/span&gt; &lt;span class=&quot;o&quot;&gt;=&lt;/span&gt; &lt;span class=&quot;nb&quot;&gt;int&lt;/span&gt;&lt;span class=&quot;p&quot;&gt;(&lt;/span&gt;&lt;span class=&quot;nb&quot;&gt;input&lt;/span&gt;&lt;span class=&quot;p&quot;&gt;(&lt;/span&gt;&lt;span class=&quot;s&quot;&gt;'Enter you age &amp;gt; '&lt;/span&gt;&lt;span class=&quot;p&quot;&gt;))&lt;/span&gt; &lt;span class=&quot;c1&quot;&gt;#сразу преобразовали в целочисленное
&lt;/span&gt;&lt;span class=&quot;mi&quot;&gt;25&lt;/span&gt;
&lt;/code&gt;&lt;/pre&gt;&lt;/div&gt;&lt;/div&gt;

&lt;p&gt;&lt;em&gt;Числа b и h можно считывать так:&lt;/em&gt;&lt;/p&gt;
&lt;div class=&quot;language-python highlighter-rouge&quot;&gt;&lt;div class=&quot;highlight&quot;&gt;&lt;pre class=&quot;highlight&quot;&gt;&lt;code&gt;&lt;span class=&quot;n&quot;&gt;b&lt;/span&gt; &lt;span class=&quot;o&quot;&gt;=&lt;/span&gt; &lt;span class=&quot;nb&quot;&gt;int&lt;/span&gt;&lt;span class=&quot;p&quot;&gt;(&lt;/span&gt;&lt;span class=&quot;nb&quot;&gt;input&lt;/span&gt;&lt;span class=&quot;p&quot;&gt;())&lt;/span&gt;
&lt;span class=&quot;n&quot;&gt;h&lt;/span&gt; &lt;span class=&quot;o&quot;&gt;=&lt;/span&gt; &lt;span class=&quot;nb&quot;&gt;int&lt;/span&gt;&lt;span class=&quot;p&quot;&gt;(&lt;/span&gt;&lt;span class=&quot;nb&quot;&gt;input&lt;/span&gt;&lt;span class=&quot;p&quot;&gt;())&lt;/span&gt;
&lt;/code&gt;&lt;/pre&gt;&lt;/div&gt;&lt;/div&gt;

&lt;h2 id=&quot;блок-3-ветвление---условные-конструкции-с-if&quot;&gt;Блок 3. Ветвление - условные конструкции с if&lt;/h2&gt;
&lt;p&gt;Условные конструкции - if, if-else
&lt;strong&gt;Ветвление&lt;/strong&gt; - выбор одного из доступных путей&lt;/p&gt;

&lt;p&gt;Конструкция IF.
&lt;em&gt;Пример 1&lt;/em&gt;&lt;/p&gt;
&lt;div class=&quot;language-python highlighter-rouge&quot;&gt;&lt;div class=&quot;highlight&quot;&gt;&lt;pre class=&quot;highlight&quot;&gt;&lt;code&gt;&lt;span class=&quot;k&quot;&gt;if&lt;/span&gt; &lt;span class=&quot;o&quot;&gt;&amp;lt;&lt;/span&gt;&lt;span class=&quot;err&quot;&gt;условие&lt;/span&gt;&lt;span class=&quot;o&quot;&gt;&amp;gt;&lt;/span&gt;&lt;span class=&quot;p&quot;&gt;:&lt;/span&gt;
    &lt;span class=&quot;o&quot;&gt;&amp;lt;&lt;/span&gt;&lt;span class=&quot;err&quot;&gt;условие&lt;/span&gt;&lt;span class=&quot;o&quot;&gt;&amp;gt;&lt;/span&gt;
    &lt;span class=&quot;o&quot;&gt;&amp;lt;&lt;/span&gt;&lt;span class=&quot;err&quot;&gt;условие&lt;/span&gt;&lt;span class=&quot;o&quot;&gt;&amp;gt;&lt;/span&gt;
    &lt;span class=&quot;o&quot;&gt;....&lt;/span&gt;
&lt;/code&gt;&lt;/pre&gt;&lt;/div&gt;&lt;/div&gt;

&lt;p&gt;Конструкция IF.
&lt;em&gt;Пример 2&lt;/em&gt;&lt;/p&gt;

&lt;div class=&quot;language-python highlighter-rouge&quot;&gt;&lt;div class=&quot;highlight&quot;&gt;&lt;pre class=&quot;highlight&quot;&gt;&lt;code&gt;&lt;span class=&quot;k&quot;&gt;if&lt;/span&gt; &lt;span class=&quot;o&quot;&gt;&amp;lt;&lt;/span&gt;&lt;span class=&quot;err&quot;&gt;условие&lt;/span&gt;&lt;span class=&quot;o&quot;&gt;&amp;gt;&lt;/span&gt;&lt;span class=&quot;p&quot;&gt;:&lt;/span&gt;
    &lt;span class=&quot;o&quot;&gt;&amp;lt;&lt;/span&gt;&lt;span class=&quot;err&quot;&gt;условие&lt;/span&gt;&lt;span class=&quot;o&quot;&gt;&amp;gt;&lt;/span&gt;
    &lt;span class=&quot;o&quot;&gt;&amp;lt;&lt;/span&gt;&lt;span class=&quot;err&quot;&gt;условие&lt;/span&gt;&lt;span class=&quot;o&quot;&gt;&amp;gt;&lt;/span&gt;
    &lt;span class=&quot;o&quot;&gt;....&lt;/span&gt;
&lt;span class=&quot;k&quot;&gt;else&lt;/span&gt;&lt;span class=&quot;p&quot;&gt;:&lt;/span&gt;
    &lt;span class=&quot;o&quot;&gt;&amp;lt;&lt;/span&gt;&lt;span class=&quot;err&quot;&gt;условие&lt;/span&gt;&lt;span class=&quot;o&quot;&gt;&amp;gt;&lt;/span&gt;
    &lt;span class=&quot;o&quot;&gt;&amp;lt;&lt;/span&gt;&lt;span class=&quot;err&quot;&gt;условие&lt;/span&gt;&lt;span class=&quot;o&quot;&gt;&amp;gt;&lt;/span&gt;
    &lt;span class=&quot;o&quot;&gt;....&lt;/span&gt;
&lt;/code&gt;&lt;/pre&gt;&lt;/div&gt;&lt;/div&gt;

&lt;p&gt;Конструкция IF.
&lt;em&gt;Пример 3.&lt;/em&gt;
Конструкция для проверки нескольких условий.&lt;/p&gt;

&lt;div class=&quot;language-python highlighter-rouge&quot;&gt;&lt;div class=&quot;highlight&quot;&gt;&lt;pre class=&quot;highlight&quot;&gt;&lt;code&gt; &lt;span class=&quot;k&quot;&gt;if&lt;/span&gt; &lt;span class=&quot;o&quot;&gt;&amp;lt;&lt;/span&gt;&lt;span class=&quot;err&quot;&gt;условие&lt;/span&gt;&lt;span class=&quot;o&quot;&gt;&amp;gt;&lt;/span&gt;&lt;span class=&quot;p&quot;&gt;:&lt;/span&gt;
    &lt;span class=&quot;o&quot;&gt;&amp;lt;&lt;/span&gt;&lt;span class=&quot;err&quot;&gt;условие&lt;/span&gt;&lt;span class=&quot;o&quot;&gt;&amp;gt;&lt;/span&gt;
    &lt;span class=&quot;o&quot;&gt;&amp;lt;&lt;/span&gt;&lt;span class=&quot;err&quot;&gt;условие&lt;/span&gt;&lt;span class=&quot;o&quot;&gt;&amp;gt;&lt;/span&gt;
    &lt;span class=&quot;o&quot;&gt;....&lt;/span&gt;
&lt;span class=&quot;k&quot;&gt;elif&lt;/span&gt;&lt;span class=&quot;p&quot;&gt;:&lt;/span&gt;
    &lt;span class=&quot;o&quot;&gt;&amp;lt;&lt;/span&gt;&lt;span class=&quot;err&quot;&gt;условие&lt;/span&gt;&lt;span class=&quot;o&quot;&gt;&amp;gt;&lt;/span&gt;
    &lt;span class=&quot;o&quot;&gt;&amp;lt;&lt;/span&gt;&lt;span class=&quot;err&quot;&gt;условие&lt;/span&gt;&lt;span class=&quot;o&quot;&gt;&amp;gt;&lt;/span&gt;
    &lt;span class=&quot;o&quot;&gt;....&lt;/span&gt;
&lt;span class=&quot;k&quot;&gt;elif&lt;/span&gt;&lt;span class=&quot;p&quot;&gt;:&lt;/span&gt;
    &lt;span class=&quot;o&quot;&gt;&amp;lt;&lt;/span&gt;&lt;span class=&quot;err&quot;&gt;условие&lt;/span&gt;&lt;span class=&quot;o&quot;&gt;&amp;gt;&lt;/span&gt;
    &lt;span class=&quot;o&quot;&gt;&amp;lt;&lt;/span&gt;&lt;span class=&quot;err&quot;&gt;условие&lt;/span&gt;&lt;span class=&quot;o&quot;&gt;&amp;gt;&lt;/span&gt;
    &lt;span class=&quot;o&quot;&gt;....&lt;/span&gt;
&lt;span class=&quot;k&quot;&gt;else&lt;/span&gt;&lt;span class=&quot;p&quot;&gt;:&lt;/span&gt;
    &lt;span class=&quot;o&quot;&gt;&amp;lt;&lt;/span&gt;&lt;span class=&quot;err&quot;&gt;условие&lt;/span&gt;&lt;span class=&quot;o&quot;&gt;&amp;gt;&lt;/span&gt;
    &lt;span class=&quot;o&quot;&gt;&amp;lt;&lt;/span&gt;&lt;span class=&quot;err&quot;&gt;условие&lt;/span&gt;&lt;span class=&quot;o&quot;&gt;&amp;gt;&lt;/span&gt;
    &lt;span class=&quot;o&quot;&gt;....&lt;/span&gt;
&lt;/code&gt;&lt;/pre&gt;&lt;/div&gt;&lt;/div&gt;

&lt;p&gt;&lt;strong&gt;Условные выражения. IF - тернарный оператор&lt;/strong&gt;
Синтаксис:&lt;/p&gt;
&lt;div class=&quot;language-python highlighter-rouge&quot;&gt;&lt;div class=&quot;highlight&quot;&gt;&lt;pre class=&quot;highlight&quot;&gt;&lt;code&gt;&lt;span class=&quot;p&quot;&gt;[&lt;/span&gt;&lt;span class=&quot;n&quot;&gt;on_true&lt;/span&gt;&lt;span class=&quot;p&quot;&gt;]&lt;/span&gt; &lt;span class=&quot;k&quot;&gt;if&lt;/span&gt; &lt;span class=&quot;p&quot;&gt;[&lt;/span&gt;&lt;span class=&quot;n&quot;&gt;expression&lt;/span&gt;&lt;span class=&quot;p&quot;&gt;]&lt;/span&gt; &lt;span class=&quot;k&quot;&gt;else&lt;/span&gt; &lt;span class=&quot;p&quot;&gt;[&lt;/span&gt;&lt;span class=&quot;n&quot;&gt;on_false&lt;/span&gt;&lt;span class=&quot;p&quot;&gt;]&lt;/span&gt;
&lt;/code&gt;&lt;/pre&gt;&lt;/div&gt;&lt;/div&gt;

&lt;p&gt;&lt;em&gt;Пример 1:&lt;/em&gt;&lt;/p&gt;
&lt;div class=&quot;language-python highlighter-rouge&quot;&gt;&lt;div class=&quot;highlight&quot;&gt;&lt;pre class=&quot;highlight&quot;&gt;&lt;code&gt;&lt;span class=&quot;n&quot;&gt;x&lt;/span&gt; &lt;span class=&quot;o&quot;&gt;=&lt;/span&gt; &lt;span class=&quot;mi&quot;&gt;10&lt;/span&gt; &lt;span class=&quot;k&quot;&gt;if&lt;/span&gt; &lt;span class=&quot;p&quot;&gt;(&lt;/span&gt;&lt;span class=&quot;n&quot;&gt;y&lt;/span&gt; &lt;span class=&quot;o&quot;&gt;==&lt;/span&gt; &lt;span class=&quot;mi&quot;&gt;0&lt;/span&gt;&lt;span class=&quot;p&quot;&gt;)&lt;/span&gt; &lt;span class=&quot;k&quot;&gt;else&lt;/span&gt; &lt;span class=&quot;mi&quot;&gt;100&lt;/span&gt; &lt;span class=&quot;c1&quot;&gt;#присвоить переменной Х значение 10, если у равен 0, иначе присвоить 100
&lt;/span&gt;&lt;/code&gt;&lt;/pre&gt;&lt;/div&gt;&lt;/div&gt;

&lt;p&gt;&lt;em&gt;Пример 2:&lt;/em&gt;&lt;/p&gt;
&lt;div class=&quot;language-python highlighter-rouge&quot;&gt;&lt;div class=&quot;highlight&quot;&gt;&lt;pre class=&quot;highlight&quot;&gt;&lt;code&gt;&lt;span class=&quot;n&quot;&gt;x&lt;/span&gt; &lt;span class=&quot;o&quot;&gt;=&lt;/span&gt; &lt;span class=&quot;mi&quot;&gt;1&lt;/span&gt; &lt;span class=&quot;k&quot;&gt;if&lt;/span&gt; &lt;span class=&quot;p&quot;&gt;(&lt;/span&gt;&lt;span class=&quot;n&quot;&gt;y&lt;/span&gt; &lt;span class=&quot;o&quot;&gt;&amp;gt;&lt;/span&gt; &lt;span class=&quot;mi&quot;&gt;0&lt;/span&gt;&lt;span class=&quot;p&quot;&gt;)&lt;/span&gt; &lt;span class=&quot;k&quot;&gt;else&lt;/span&gt; &lt;span class=&quot;o&quot;&gt;-&lt;/span&gt;&lt;span class=&quot;mi&quot;&gt;1&lt;/span&gt; &lt;span class=&quot;k&quot;&gt;if&lt;/span&gt; &lt;span class=&quot;p&quot;&gt;(&lt;/span&gt;&lt;span class=&quot;n&quot;&gt;y&lt;/span&gt; &lt;span class=&quot;o&quot;&gt;&amp;lt;&lt;/span&gt; &lt;span class=&quot;mi&quot;&gt;0&lt;/span&gt;&lt;span class=&quot;p&quot;&gt;)&lt;/span&gt; &lt;span class=&quot;k&quot;&gt;else&lt;/span&gt; &lt;span class=&quot;mi&quot;&gt;0&lt;/span&gt;
&lt;/code&gt;&lt;/pre&gt;&lt;/div&gt;&lt;/div&gt;

&lt;h2 id=&quot;блок-4-циклы-в-python&quot;&gt;Блок 4. Циклы в Python&lt;/h2&gt;
&lt;p&gt;Циклы в python:&lt;/p&gt;
&lt;ul&gt;
  &lt;li&gt;&lt;strong&gt;while&lt;/strong&gt; - позволяет выполнять блок инструкций до тех пор, пока условное выражение возвращает истину, т.е условие выполняется. Как правило, цикл while используется, когда невозможно определить точное значеиние проходов исполнения цикла.&lt;/li&gt;
  &lt;li&gt;&lt;strong&gt;for&lt;/strong&gt; - универсальный интератор последовательностей. В фундаменте цикла for лежит последовательность - упорядоченное множество объектов.&lt;/li&gt;
&lt;/ul&gt;

&lt;p&gt;&lt;strong&gt;4.1 Цикл while&lt;/strong&gt;
Синтаксис:&lt;/p&gt;

&lt;div class=&quot;language-python highlighter-rouge&quot;&gt;&lt;div class=&quot;highlight&quot;&gt;&lt;pre class=&quot;highlight&quot;&gt;&lt;code&gt;&lt;span class=&quot;k&quot;&gt;while&lt;/span&gt; &lt;span class=&quot;o&quot;&gt;&amp;lt;&lt;/span&gt;&lt;span class=&quot;err&quot;&gt;условие&lt;/span&gt;&lt;span class=&quot;o&quot;&gt;&amp;gt;&lt;/span&gt;&lt;span class=&quot;p&quot;&gt;:&lt;/span&gt;
    &lt;span class=&quot;o&quot;&gt;&amp;lt;&lt;/span&gt;&lt;span class=&quot;err&quot;&gt;выражение&lt;/span&gt;&lt;span class=&quot;o&quot;&gt;&amp;gt;&lt;/span&gt;
    &lt;span class=&quot;o&quot;&gt;&amp;lt;&lt;/span&gt;&lt;span class=&quot;err&quot;&gt;выражение&lt;/span&gt;&lt;span class=&quot;o&quot;&gt;&amp;gt;&lt;/span&gt;
    &lt;span class=&quot;o&quot;&gt;....&lt;/span&gt;
&lt;/code&gt;&lt;/pre&gt;&lt;/div&gt;&lt;/div&gt;

&lt;p&gt;&lt;strong&gt;Условие&lt;/strong&gt; - логическое выражение. Если &lt;условие&gt; выполняется, выполняется блок внутри `while`&lt;/условие&gt;&lt;/p&gt;

&lt;p&gt;&lt;code class=&quot;highlighter-rouge&quot;&gt;Условие&lt;/code&gt; проверяется повторно. Повторяется до тех пор, пока &lt;условие&gt; условие перестает выполняться&lt;/условие&gt;&lt;/p&gt;

&lt;p&gt;&lt;em&gt;Пример:&lt;/em&gt;&lt;/p&gt;
&lt;div class=&quot;language-python highlighter-rouge&quot;&gt;&lt;div class=&quot;highlight&quot;&gt;&lt;pre class=&quot;highlight&quot;&gt;&lt;code&gt;&lt;span class=&quot;n&quot;&gt;n&lt;/span&gt; &lt;span class=&quot;o&quot;&gt;=&lt;/span&gt; &lt;span class=&quot;mi&quot;&gt;0&lt;/span&gt;
&lt;span class=&quot;k&quot;&gt;while&lt;/span&gt; &lt;span class=&quot;n&quot;&gt;n&lt;/span&gt; &lt;span class=&quot;o&quot;&gt;&amp;lt;&lt;/span&gt; &lt;span class=&quot;mi&quot;&gt;0&lt;/span&gt;&lt;span class=&quot;p&quot;&gt;:&lt;/span&gt;
    &lt;span class=&quot;k&quot;&gt;print&lt;/span&gt;&lt;span class=&quot;p&quot;&gt;(&lt;/span&gt;&lt;span class=&quot;n&quot;&gt;n&lt;/span&gt;&lt;span class=&quot;p&quot;&gt;)&lt;/span&gt;
    &lt;span class=&quot;n&quot;&gt;n&lt;/span&gt; &lt;span class=&quot;o&quot;&gt;=&lt;/span&gt; &lt;span class=&quot;n&quot;&gt;n&lt;/span&gt; &lt;span class=&quot;o&quot;&gt;+&lt;/span&gt; &lt;span class=&quot;mi&quot;&gt;1&lt;/span&gt;
&lt;/code&gt;&lt;/pre&gt;&lt;/div&gt;&lt;/div&gt;

&lt;p&gt;&lt;strong&gt;4.2 Цикл for&lt;/strong&gt;
Синтаксис:&lt;/p&gt;
&lt;div class=&quot;language-python highlighter-rouge&quot;&gt;&lt;div class=&quot;highlight&quot;&gt;&lt;pre class=&quot;highlight&quot;&gt;&lt;code&gt;&lt;span class=&quot;k&quot;&gt;for&lt;/span&gt; &lt;span class=&quot;o&quot;&gt;&amp;lt;&lt;/span&gt;&lt;span class=&quot;err&quot;&gt;элемент&lt;/span&gt;&lt;span class=&quot;o&quot;&gt;&amp;gt;&lt;/span&gt; &lt;span class=&quot;ow&quot;&gt;in&lt;/span&gt; &lt;span class=&quot;o&quot;&gt;&amp;lt;&lt;/span&gt;&lt;span class=&quot;err&quot;&gt;объект&lt;/span&gt;&lt;span class=&quot;o&quot;&gt;&amp;gt;&lt;/span&gt;&lt;span class=&quot;p&quot;&gt;:&lt;/span&gt;
    &lt;span class=&quot;o&quot;&gt;&amp;lt;&lt;/span&gt;&lt;span class=&quot;err&quot;&gt;выражение&lt;/span&gt;&lt;span class=&quot;o&quot;&gt;&amp;gt;&lt;/span&gt;
    &lt;span class=&quot;o&quot;&gt;&amp;lt;&lt;/span&gt;&lt;span class=&quot;err&quot;&gt;выражение&lt;/span&gt;&lt;span class=&quot;o&quot;&gt;&amp;gt;&lt;/span&gt;
    &lt;span class=&quot;o&quot;&gt;....&lt;/span&gt;
&lt;/code&gt;&lt;/pre&gt;&lt;/div&gt;&lt;/div&gt;

&lt;p&gt;Цикл for перебирает элемент последовательнотси в том порядке, в котором они повляеются в последовательности.&lt;/p&gt;

&lt;p&gt;&lt;strong&gt;Встроенная функция range()&lt;/strong&gt;
Перебирает последовательность целых чисел&lt;/p&gt;

&lt;p&gt;Синтаксис:
&lt;code class=&quot;highlighter-rouge&quot;&gt;range(start, stop, step)&lt;/code&gt;&lt;/p&gt;

&lt;p&gt;stop - верхняя граница последовательности&lt;/p&gt;

&lt;p&gt;По умолчанию:
start = 0
step = 1&lt;/p&gt;

&lt;div class=&quot;language-python highlighter-rouge&quot;&gt;&lt;div class=&quot;highlight&quot;&gt;&lt;pre class=&quot;highlight&quot;&gt;&lt;code&gt;&lt;span class=&quot;nb&quot;&gt;range&lt;/span&gt;&lt;span class=&quot;p&quot;&gt;(&lt;/span&gt;&lt;span class=&quot;mi&quot;&gt;5&lt;/span&gt;&lt;span class=&quot;p&quot;&gt;):&lt;/span&gt; &lt;span class=&quot;mi&quot;&gt;0&lt;/span&gt; &lt;span class=&quot;mi&quot;&gt;1&lt;/span&gt; &lt;span class=&quot;mi&quot;&gt;2&lt;/span&gt; &lt;span class=&quot;mi&quot;&gt;3&lt;/span&gt; &lt;span class=&quot;mi&quot;&gt;4&lt;/span&gt;
&lt;span class=&quot;nb&quot;&gt;range&lt;/span&gt;&lt;span class=&quot;p&quot;&gt;(&lt;/span&gt;&lt;span class=&quot;mi&quot;&gt;2&lt;/span&gt;&lt;span class=&quot;p&quot;&gt;,&lt;/span&gt; &lt;span class=&quot;mi&quot;&gt;10&lt;/span&gt;&lt;span class=&quot;p&quot;&gt;,&lt;/span&gt; &lt;span class=&quot;mi&quot;&gt;3&lt;/span&gt;&lt;span class=&quot;p&quot;&gt;):&lt;/span&gt; &lt;span class=&quot;mi&quot;&gt;2&lt;/span&gt;&lt;span class=&quot;p&quot;&gt;,&lt;/span&gt; &lt;span class=&quot;mi&quot;&gt;5&lt;/span&gt;&lt;span class=&quot;p&quot;&gt;,&lt;/span&gt; &lt;span class=&quot;mi&quot;&gt;8&lt;/span&gt;
&lt;/code&gt;&lt;/pre&gt;&lt;/div&gt;&lt;/div&gt;

&lt;p&gt;Пример: Таблица умножения&lt;/p&gt;

&lt;div class=&quot;language-python highlighter-rouge&quot;&gt;&lt;div class=&quot;highlight&quot;&gt;&lt;pre class=&quot;highlight&quot;&gt;&lt;code&gt;&lt;span class=&quot;k&quot;&gt;print&lt;/span&gt;&lt;span class=&quot;p&quot;&gt;(&lt;/span&gt;&lt;span class=&quot;s&quot;&gt;&quot;Таблица умножения&quot;&lt;/span&gt;&lt;span class=&quot;p&quot;&gt;)&lt;/span&gt;
&lt;span class=&quot;k&quot;&gt;for&lt;/span&gt; &lt;span class=&quot;n&quot;&gt;i&lt;/span&gt; &lt;span class=&quot;ow&quot;&gt;in&lt;/span&gt; &lt;span class=&quot;nb&quot;&gt;range&lt;/span&gt; &lt;span class=&quot;p&quot;&gt;(&lt;/span&gt;&lt;span class=&quot;mi&quot;&gt;1&lt;/span&gt;&lt;span class=&quot;p&quot;&gt;,&lt;/span&gt; &lt;span class=&quot;mi&quot;&gt;11&lt;/span&gt;&lt;span class=&quot;p&quot;&gt;,&lt;/span&gt; &lt;span class=&quot;mi&quot;&gt;1&lt;/span&gt;&lt;span class=&quot;p&quot;&gt;):&lt;/span&gt;
	&lt;span class=&quot;k&quot;&gt;for&lt;/span&gt; &lt;span class=&quot;n&quot;&gt;j&lt;/span&gt; &lt;span class=&quot;ow&quot;&gt;in&lt;/span&gt; &lt;span class=&quot;nb&quot;&gt;range&lt;/span&gt;&lt;span class=&quot;p&quot;&gt;(&lt;/span&gt;&lt;span class=&quot;mi&quot;&gt;1&lt;/span&gt;&lt;span class=&quot;p&quot;&gt;,&lt;/span&gt; &lt;span class=&quot;mi&quot;&gt;11&lt;/span&gt;&lt;span class=&quot;p&quot;&gt;,&lt;/span&gt; &lt;span class=&quot;mi&quot;&gt;1&lt;/span&gt;&lt;span class=&quot;p&quot;&gt;):&lt;/span&gt;
		&lt;span class=&quot;n&quot;&gt;res&lt;/span&gt; &lt;span class=&quot;o&quot;&gt;=&lt;/span&gt; &lt;span class=&quot;nb&quot;&gt;str&lt;/span&gt;&lt;span class=&quot;p&quot;&gt;(&lt;/span&gt;&lt;span class=&quot;n&quot;&gt;i&lt;/span&gt; &lt;span class=&quot;o&quot;&gt;*&lt;/span&gt; &lt;span class=&quot;n&quot;&gt;j&lt;/span&gt;&lt;span class=&quot;p&quot;&gt;)&lt;/span&gt;
		&lt;span class=&quot;k&quot;&gt;print&lt;/span&gt;&lt;span class=&quot;p&quot;&gt;(&lt;/span&gt;&lt;span class=&quot;n&quot;&gt;res&lt;/span&gt;&lt;span class=&quot;p&quot;&gt;,&lt;/span&gt; &lt;span class=&quot;n&quot;&gt;end&lt;/span&gt; &lt;span class=&quot;o&quot;&gt;=&lt;/span&gt; &lt;span class=&quot;s&quot;&gt;' '&lt;/span&gt; &lt;span class=&quot;o&quot;&gt;*&lt;/span&gt; &lt;span class=&quot;p&quot;&gt;(&lt;/span&gt;&lt;span class=&quot;mi&quot;&gt;4&lt;/span&gt; &lt;span class=&quot;o&quot;&gt;-&lt;/span&gt; &lt;span class=&quot;nb&quot;&gt;len&lt;/span&gt;&lt;span class=&quot;p&quot;&gt;(&lt;/span&gt;&lt;span class=&quot;n&quot;&gt;res&lt;/span&gt;&lt;span class=&quot;p&quot;&gt;)))&lt;/span&gt;
	&lt;span class=&quot;k&quot;&gt;print&lt;/span&gt;&lt;span class=&quot;p&quot;&gt;()&lt;/span&gt;
&lt;/code&gt;&lt;/pre&gt;&lt;/div&gt;&lt;/div&gt;

&lt;p&gt;Не стоит делать больше 4-х уровней вложенности.
Можно использовать в обоих цклах brreak и continue&lt;/p&gt;

&lt;h2 id=&quot;блок-5-функции-в-python&quot;&gt;Блок 5. Функции в Python&lt;/h2&gt;
&lt;p&gt;&lt;strong&gt;Функции&lt;/strong&gt;
&lt;strong&gt;Функция&lt;/strong&gt; - часть кода, к которой можно многократно обратиться из другого места программы.
&lt;strong&gt;Декомпозиция&lt;/strong&gt; - процесс разбиения программы на части.&lt;/p&gt;

&lt;p&gt;Синтаксис объявления функции:
&lt;code class=&quot;highlighter-rouge&quot;&gt;def &amp;lt;название_функции&amp;gt;(&amp;lt;имя_аргумента1&amp;gt;, &amp;lt;имя_аргумента2&amp;gt;,)&lt;/code&gt;&lt;/p&gt;

&lt;p&gt;Пример:&lt;/p&gt;
&lt;div class=&quot;language-python highlighter-rouge&quot;&gt;&lt;div class=&quot;highlight&quot;&gt;&lt;pre class=&quot;highlight&quot;&gt;&lt;code&gt;&lt;span class=&quot;k&quot;&gt;def&lt;/span&gt; &lt;span class=&quot;nf&quot;&gt;net_salary&lt;/span&gt;&lt;span class=&quot;p&quot;&gt;(&lt;/span&gt;&lt;span class=&quot;n&quot;&gt;gross_salary&lt;/span&gt;&lt;span class=&quot;p&quot;&gt;,&lt;/span&gt; &lt;span class=&quot;n&quot;&gt;income_tax&lt;/span&gt;&lt;span class=&quot;p&quot;&gt;):&lt;/span&gt;
    &lt;span class=&quot;s&quot;&gt;'''
    gross_salary: positive number int of float
    income_tax: rate of income tax, decimal, 10&lt;/span&gt;&lt;span class=&quot;si&quot;&gt;% &lt;/span&gt;&lt;span class=&quot;s&quot;&gt;= 0.1
    Return net_salary, rounded to 2 digits
    '''&lt;/span&gt;
    &lt;span class=&quot;k&quot;&gt;print&lt;/span&gt; &lt;span class=&quot;p&quot;&gt;(&lt;/span&gt;&lt;span class=&quot;s&quot;&gt;'Gross salary:'&lt;/span&gt;&lt;span class=&quot;p&quot;&gt;,&lt;/span&gt; &lt;span class=&quot;n&quot;&gt;gross_salary&lt;/span&gt;&lt;span class=&quot;p&quot;&gt;)&lt;/span&gt;
    &lt;span class=&quot;n&quot;&gt;rate&lt;/span&gt; &lt;span class=&quot;o&quot;&gt;=&lt;/span&gt; &lt;span class=&quot;mi&quot;&gt;1&lt;/span&gt; &lt;span class=&quot;o&quot;&gt;-&lt;/span&gt; &lt;span class=&quot;n&quot;&gt;income_tax&lt;/span&gt;
    &lt;span class=&quot;k&quot;&gt;return&lt;/span&gt; &lt;span class=&quot;nb&quot;&gt;round&lt;/span&gt;&lt;span class=&quot;p&quot;&gt;(&lt;/span&gt;&lt;span class=&quot;n&quot;&gt;gross_salary&lt;/span&gt; &lt;span class=&quot;o&quot;&gt;*&lt;/span&gt; &lt;span class=&quot;n&quot;&gt;rate&lt;/span&gt;&lt;span class=&quot;p&quot;&gt;,&lt;/span&gt; &lt;span class=&quot;mi&quot;&gt;2&lt;/span&gt;&lt;span class=&quot;p&quot;&gt;)&lt;/span&gt;

&lt;span class=&quot;n&quot;&gt;net_salary&lt;/span&gt;&lt;span class=&quot;p&quot;&gt;(&lt;/span&gt;&lt;span class=&quot;mi&quot;&gt;1000&lt;/span&gt;&lt;span class=&quot;p&quot;&gt;,&lt;/span&gt; &lt;span class=&quot;mi&quot;&gt;13&lt;/span&gt;&lt;span class=&quot;p&quot;&gt;)&lt;/span&gt;
&lt;/code&gt;&lt;/pre&gt;&lt;/div&gt;&lt;/div&gt;

&lt;p&gt;Разница между print и return:
&lt;strong&gt;return&lt;/strong&gt;&lt;/p&gt;

&lt;ul&gt;
  &lt;li&gt;используется только внутри функции&lt;/li&gt;
  &lt;li&gt;в функции выполняется только один return&lt;/li&gt;
  &lt;li&gt;после return код внутри функции не выполняется&lt;/li&gt;
  &lt;li&gt;значение, связанное с return, возвращается “вызывателю” функции&lt;/li&gt;
&lt;/ul&gt;

&lt;p&gt;&lt;strong&gt;print&lt;/strong&gt;&lt;/p&gt;

&lt;ul&gt;
  &lt;li&gt;может использоваться внутри и вне функции&lt;/li&gt;
  &lt;li&gt;может выполняться несколько print внутри функции&lt;/li&gt;
  &lt;li&gt;после print код внутри функции выполняется&lt;/li&gt;
  &lt;li&gt;печатает значение в консоль&lt;/li&gt;
&lt;/ul&gt;

&lt;p&gt;Области видимости функций:
&lt;strong&gt;Область видимости&lt;/strong&gt; - место в программном коде, где выполняется присваивание переменной.
&lt;strong&gt;Глобальные переменные&lt;/strong&gt; - объявлены вне каких-либо функций.
&lt;strong&gt;Локальные функции&lt;/strong&gt; - объявлены в функции.&lt;/p&gt;

&lt;p&gt;Анонимные функции: lambda
lambda-функция - функция, которая имеент произвольное число аргументов и возвращает значение одного выражения.&lt;/p&gt;

&lt;p&gt;Синтаксис:
&lt;code class=&quot;highlighter-rouge&quot;&gt;lambda argument1, argument2, ..., argumentN: выражение, использующее аргументы&lt;/code&gt;&lt;/p&gt;

&lt;p&gt;&lt;em&gt;Пример:&lt;/em&gt;&lt;/p&gt;
&lt;div class=&quot;language-python highlighter-rouge&quot;&gt;&lt;div class=&quot;highlight&quot;&gt;&lt;pre class=&quot;highlight&quot;&gt;&lt;code&gt;&lt;span class=&quot;k&quot;&gt;def&lt;/span&gt; &lt;span class=&quot;nf&quot;&gt;f&lt;/span&gt;&lt;span class=&quot;p&quot;&gt;(&lt;/span&gt;&lt;span class=&quot;n&quot;&gt;a&lt;/span&gt;&lt;span class=&quot;p&quot;&gt;,&lt;/span&gt; &lt;span class=&quot;n&quot;&gt;b&lt;/span&gt;&lt;span class=&quot;p&quot;&gt;):&lt;/span&gt;
    &lt;span class=&quot;k&quot;&gt;return&lt;/span&gt; &lt;span class=&quot;n&quot;&gt;a&lt;/span&gt; &lt;span class=&quot;o&quot;&gt;+&lt;/span&gt; &lt;span class=&quot;n&quot;&gt;b&lt;/span&gt;
&lt;span class=&quot;n&quot;&gt;f1&lt;/span&gt; &lt;span class=&quot;o&quot;&gt;=&lt;/span&gt; &lt;span class=&quot;k&quot;&gt;lambda&lt;/span&gt; &lt;span class=&quot;n&quot;&gt;a&lt;/span&gt;&lt;span class=&quot;p&quot;&gt;,&lt;/span&gt; &lt;span class=&quot;n&quot;&gt;b&lt;/span&gt;&lt;span class=&quot;p&quot;&gt;:&lt;/span&gt; &lt;span class=&quot;n&quot;&gt;a&lt;/span&gt; &lt;span class=&quot;o&quot;&gt;+&lt;/span&gt; &lt;span class=&quot;n&quot;&gt;b&lt;/span&gt;
&lt;span class=&quot;n&quot;&gt;d&lt;/span&gt; &lt;span class=&quot;o&quot;&gt;=&lt;/span&gt; &lt;span class=&quot;n&quot;&gt;f1&lt;/span&gt;&lt;span class=&quot;p&quot;&gt;(&lt;/span&gt;&lt;span class=&quot;mi&quot;&gt;1&lt;/span&gt;&lt;span class=&quot;p&quot;&gt;,&lt;/span&gt; &lt;span class=&quot;mi&quot;&gt;2&lt;/span&gt;&lt;span class=&quot;p&quot;&gt;)&lt;/span&gt; &lt;span class=&quot;o&quot;&gt;+&lt;/span&gt; &lt;span class=&quot;n&quot;&gt;f1&lt;/span&gt;&lt;span class=&quot;p&quot;&gt;(&lt;/span&gt;&lt;span class=&quot;mi&quot;&gt;4&lt;/span&gt;&lt;span class=&quot;p&quot;&gt;,&lt;/span&gt; &lt;span class=&quot;mi&quot;&gt;5&lt;/span&gt;&lt;span class=&quot;p&quot;&gt;)&lt;/span&gt; 
&lt;/code&gt;&lt;/pre&gt;&lt;/div&gt;&lt;/div&gt;

&lt;p&gt;&lt;strong&gt;Рекурсия&lt;/strong&gt; - ситуация, когда функция вызывает саму себя.
&lt;strong&gt;Модуль&lt;/strong&gt; - файл, содержащий код, пригодный для использования в других прграммах.&lt;/p&gt;

&lt;p&gt;Стандартная бибилиотека python
&lt;code class=&quot;highlighter-rouge&quot;&gt;help('mobules')&lt;/code&gt;&lt;/p&gt;

&lt;p&gt;Про модуль random:&lt;/p&gt;

&lt;ul&gt;
  &lt;li&gt;&lt;code class=&quot;highlighter-rouge&quot;&gt;random.randrange(start, stop, step)&lt;/code&gt; - возвращает случайное число из последовательнтси&lt;/li&gt;
  &lt;li&gt;&lt;code class=&quot;highlighter-rouge&quot;&gt;random.randint(A, B)&lt;/code&gt; - случайное целое число N, A &amp;lt;= N &amp;lt;= B&lt;/li&gt;
  &lt;li&gt;&lt;code class=&quot;highlighter-rouge&quot;&gt;random.choice(sequence)&lt;/code&gt; - случайный элемент непустой последовательнотси&lt;/li&gt;
  &lt;li&gt;&lt;code class=&quot;highlighter-rouge&quot;&gt;random.random()&lt;/code&gt; - случайное число от 0 до 1&lt;/li&gt;
&lt;/ul&gt;

&lt;p&gt;Псевдоним модули пишется как &lt;code class=&quot;highlighter-rouge&quot;&gt;import random as r&lt;/code&gt; . Теперь имя функции из модуля будет выглдеть как r.randint(1, 10)&lt;/p&gt;

&lt;p&gt;Также можно импортировать функцию из модуля напрмую:&lt;/p&gt;

&lt;div class=&quot;language-python highlighter-rouge&quot;&gt;&lt;div class=&quot;highlight&quot;&gt;&lt;pre class=&quot;highlight&quot;&gt;&lt;code&gt;&lt;span class=&quot;kn&quot;&gt;import&lt;/span&gt; &lt;span class=&quot;nn&quot;&gt;random&lt;/span&gt;
&lt;span class=&quot;kn&quot;&gt;from&lt;/span&gt; &lt;span class=&quot;nn&quot;&gt;random&lt;/span&gt; &lt;span class=&quot;kn&quot;&gt;import&lt;/span&gt; &lt;span class=&quot;n&quot;&gt;randrange&lt;/span&gt;&lt;span class=&quot;p&quot;&gt;,&lt;/span&gt; &lt;span class=&quot;n&quot;&gt;choice&lt;/span&gt;
&lt;span class=&quot;n&quot;&gt;a&lt;/span&gt; &lt;span class=&quot;o&quot;&gt;=&lt;/span&gt; &lt;span class=&quot;n&quot;&gt;randrange&lt;/span&gt;&lt;span class=&quot;p&quot;&gt;(&lt;/span&gt;&lt;span class=&quot;mi&quot;&gt;1&lt;/span&gt;&lt;span class=&quot;p&quot;&gt;,&lt;/span&gt; &lt;span class=&quot;mi&quot;&gt;101&lt;/span&gt;&lt;span class=&quot;p&quot;&gt;,&lt;/span&gt; &lt;span class=&quot;mi&quot;&gt;2&lt;/span&gt;&lt;span class=&quot;p&quot;&gt;)&lt;/span&gt;
&lt;/code&gt;&lt;/pre&gt;&lt;/div&gt;&lt;/div&gt;

&lt;p&gt;Синтаксис импорта&lt;/p&gt;

&lt;div class=&quot;language-python highlighter-rouge&quot;&gt;&lt;div class=&quot;highlight&quot;&gt;&lt;pre class=&quot;highlight&quot;&gt;&lt;code&gt;&lt;span class=&quot;k&quot;&gt;import&lt;/span&gt; &lt;span class=&quot;err&quot;&gt;имя&lt;/span&gt;&lt;span class=&quot;n&quot;&gt;_&lt;/span&gt;&lt;span class=&quot;err&quot;&gt;модуля&lt;/span&gt; &lt;span class=&quot;p&quot;&gt;(&lt;/span&gt;&lt;span class=&quot;k&quot;&gt;as&lt;/span&gt; &lt;span class=&quot;err&quot;&gt;псевдоним&lt;/span&gt;&lt;span class=&quot;p&quot;&gt;)&lt;/span&gt;
&lt;span class=&quot;k&quot;&gt;from&lt;/span&gt; &lt;span class=&quot;err&quot;&gt;имя&lt;/span&gt;&lt;span class=&quot;n&quot;&gt;_&lt;/span&gt;&lt;span class=&quot;err&quot;&gt;модуля&lt;/span&gt; &lt;span class=&quot;k&quot;&gt;import&lt;/span&gt; &lt;span class=&quot;err&quot;&gt;имя&lt;/span&gt;&lt;span class=&quot;n&quot;&gt;_&lt;/span&gt;&lt;span class=&quot;err&quot;&gt;функции&lt;/span&gt; &lt;span class=&quot;p&quot;&gt;(&lt;/span&gt;&lt;span class=&quot;k&quot;&gt;as&lt;/span&gt; &lt;span class=&quot;err&quot;&gt;псевдоним&lt;/span&gt;&lt;span class=&quot;p&quot;&gt;)&lt;/span&gt;
&lt;/code&gt;&lt;/pre&gt;&lt;/div&gt;&lt;/div&gt;

&lt;h2 id=&quot;блок-6-коллекции-в-python&quot;&gt;Блок 6. Коллекции в Python&lt;/h2&gt;
&lt;p&gt;&lt;strong&gt;Коллекция&lt;/strong&gt; - программный объект (переменная-контейнер), хранящая набор знчений одного из различных типов, позволяющий обращаться к этим значениям, а также применять специальные функции и методы, зависящие от типа коллекции.&lt;/p&gt;

&lt;p&gt;Стандартные встроенные коллекции:&lt;/p&gt;

&lt;ul&gt;
  &lt;li&gt;строка(string)&lt;/li&gt;
  &lt;li&gt;список(list)&lt;/li&gt;
  &lt;li&gt;кортеж(tuple)&lt;/li&gt;
  &lt;li&gt;множество(set)&lt;/li&gt;
  &lt;li&gt;словарь(dist)&lt;/li&gt;
&lt;/ul&gt;

&lt;p&gt;&lt;strong&gt;Строка&lt;/strong&gt; - сложный тип данных, представляющий собой последовательность символов.&lt;/p&gt;

&lt;p&gt;Тип - &lt;code class=&quot;highlighter-rouge&quot;&gt;str()&lt;/code&gt;
“hello”, ‘hello’&lt;/p&gt;

&lt;p&gt;Операции со строками:&lt;/p&gt;
&lt;ul&gt;
  &lt;li&gt;конкатенация (+)&lt;/li&gt;
  &lt;li&gt;дублирование(*)&lt;/li&gt;
&lt;/ul&gt;

&lt;p&gt;&lt;code class=&quot;highlighter-rouge&quot;&gt;len()&lt;/code&gt; - возвращает количество символов в строке.&lt;/p&gt;

&lt;p&gt;&lt;strong&gt;Проверка на вхождение&lt;/strong&gt; - является ли членом последовательности какой-либо элемент&lt;/p&gt;

&lt;p&gt;Пример:&lt;/p&gt;
&lt;div class=&quot;language-python highlighter-rouge&quot;&gt;&lt;div class=&quot;highlight&quot;&gt;&lt;pre class=&quot;highlight&quot;&gt;&lt;code&gt;&lt;span class=&quot;n&quot;&gt;word&lt;/span&gt; &lt;span class=&quot;o&quot;&gt;=&lt;/span&gt; &lt;span class=&quot;s&quot;&gt;'Python'&lt;/span&gt;
&lt;span class=&quot;n&quot;&gt;letter&lt;/span&gt; &lt;span class=&quot;o&quot;&gt;=&lt;/span&gt; &lt;span class=&quot;s&quot;&gt;'t'&lt;/span&gt;

&lt;span class=&quot;k&quot;&gt;if&lt;/span&gt; &lt;span class=&quot;n&quot;&gt;letter&lt;/span&gt; &lt;span class=&quot;ow&quot;&gt;in&lt;/span&gt; &lt;span class=&quot;n&quot;&gt;word&lt;/span&gt;&lt;span class=&quot;p&quot;&gt;:&lt;/span&gt;
    &lt;span class=&quot;k&quot;&gt;print&lt;/span&gt;&lt;span class=&quot;p&quot;&gt;(&lt;/span&gt;&lt;span class=&quot;n&quot;&gt;letter&lt;/span&gt; &lt;span class=&quot;o&quot;&gt;*&lt;/span&gt; &lt;span class=&quot;nb&quot;&gt;len&lt;/span&gt;&lt;span class=&quot;p&quot;&gt;(&lt;/span&gt;&lt;span class=&quot;n&quot;&gt;word&lt;/span&gt;&lt;span class=&quot;p&quot;&gt;))&lt;/span&gt;
&lt;/code&gt;&lt;/pre&gt;&lt;/div&gt;&lt;/div&gt;

&lt;p&gt;&lt;strong&gt;Строки. Индексы и срезы&lt;/strong&gt;
Индексы в питоне есть положительные и отрицительные.
Срез - извлечение из строки параметар
Допустим, есть переменная word = ‘Python’
Получаем срез word[0:6:2]. Синтаксис среза [start, stop, step]
Можно также в обратном порядке, для этого введем word[::-1] - все символы будут идти в обратной последовательности.&lt;/p&gt;

&lt;p&gt;&lt;em&gt;Пример. Перебор символов&lt;/em&gt;&lt;/p&gt;
&lt;div class=&quot;language-python highlighter-rouge&quot;&gt;&lt;div class=&quot;highlight&quot;&gt;&lt;pre class=&quot;highlight&quot;&gt;&lt;code&gt;&lt;span class=&quot;n&quot;&gt;word&lt;/span&gt; &lt;span class=&quot;o&quot;&gt;=&lt;/span&gt; &lt;span class=&quot;s&quot;&gt;'Python'&lt;/span&gt;
&lt;span class=&quot;k&quot;&gt;for&lt;/span&gt; &lt;span class=&quot;n&quot;&gt;i&lt;/span&gt; &lt;span class=&quot;ow&quot;&gt;in&lt;/span&gt; &lt;span class=&quot;nb&quot;&gt;range&lt;/span&gt;&lt;span class=&quot;p&quot;&gt;(&lt;/span&gt;&lt;span class=&quot;nb&quot;&gt;len&lt;/span&gt;&lt;span class=&quot;p&quot;&gt;(&lt;/span&gt;&lt;span class=&quot;n&quot;&gt;word&lt;/span&gt;&lt;span class=&quot;p&quot;&gt;)):&lt;/span&gt;
    &lt;span class=&quot;k&quot;&gt;print&lt;/span&gt;&lt;span class=&quot;p&quot;&gt;(&lt;/span&gt;&lt;span class=&quot;s&quot;&gt;'Индекс'&lt;/span&gt;&lt;span class=&quot;p&quot;&gt;,&lt;/span&gt; &lt;span class=&quot;n&quot;&gt;i&lt;/span&gt;&lt;span class=&quot;p&quot;&gt;,&lt;/span&gt; &lt;span class=&quot;s&quot;&gt;'символ'&lt;/span&gt;&lt;span class=&quot;p&quot;&gt;,&lt;/span&gt; &lt;span class=&quot;n&quot;&gt;word&lt;/span&gt;&lt;span class=&quot;p&quot;&gt;[&lt;/span&gt;&lt;span class=&quot;n&quot;&gt;i&lt;/span&gt;&lt;span class=&quot;p&quot;&gt;])&lt;/span&gt;
&lt;/code&gt;&lt;/pre&gt;&lt;/div&gt;&lt;/div&gt;

&lt;p&gt;Строковые методы
&lt;strong&gt;Метод&lt;/strong&gt; - функция, применяемая к объекту, в данном случае - к строке.&lt;/p&gt;

&lt;p&gt;Вызов:
&lt;code class=&quot;highlighter-rouge&quot;&gt;Имя_объекта.Имя_метода(параметры)&lt;/code&gt;&lt;/p&gt;

&lt;p&gt;Пример:&lt;/p&gt;
&lt;div class=&quot;language-python highlighter-rouge&quot;&gt;&lt;div class=&quot;highlight&quot;&gt;&lt;pre class=&quot;highlight&quot;&gt;&lt;code&gt;&lt;span class=&quot;n&quot;&gt;s&lt;/span&gt;&lt;span class=&quot;o&quot;&gt;.&lt;/span&gt;&lt;span class=&quot;n&quot;&gt;find&lt;/span&gt;&lt;span class=&quot;p&quot;&gt;(&lt;/span&gt;&lt;span class=&quot;s&quot;&gt;'a'&lt;/span&gt;&lt;span class=&quot;p&quot;&gt;)&lt;/span&gt;
&lt;/code&gt;&lt;/pre&gt;&lt;/div&gt;&lt;/div&gt;

&lt;p&gt;Примеры некоторых из строковых методов:&lt;/p&gt;

&lt;ul&gt;
  &lt;li&gt;&lt;code class=&quot;highlighter-rouge&quot;&gt;s.find(str, [start], [end])&lt;/code&gt; - поиск подстроки в строке. Возвращает номер первого вхождения или -1.&lt;/li&gt;
  &lt;li&gt;&lt;code class=&quot;highlighter-rouge&quot;&gt;s.replace(шаблон, замена)&lt;/code&gt; - замена шаблона&lt;/li&gt;
  &lt;li&gt;&lt;code class=&quot;highlighter-rouge&quot;&gt;s.isdigit()&lt;/code&gt; - состоит ли строка из цифр&lt;/li&gt;
  &lt;li&gt;&lt;code class=&quot;highlighter-rouge&quot;&gt;s.upper()&lt;/code&gt; - преобразует строку к верхнему регистру&lt;/li&gt;
  &lt;li&gt;&lt;code class=&quot;highlighter-rouge&quot;&gt;s.lower()&lt;/code&gt; - преобразует строку к нижнему регистру&lt;/li&gt;
  &lt;li&gt;&lt;code class=&quot;highlighter-rouge&quot;&gt;s.capitalize()&lt;/code&gt; - переодит первый символ строки в верхний регистр, остальные в нижний.&lt;/li&gt;
  &lt;li&gt;&lt;code class=&quot;highlighter-rouge&quot;&gt;s.join(список)&lt;/code&gt; - сборка строки из списка с разделителем s&lt;/li&gt;
  &lt;li&gt;&lt;code class=&quot;highlighter-rouge&quot;&gt;s.split(символ)&lt;/code&gt; - разбиение строки по разделителю&lt;/li&gt;
  &lt;li&gt;&lt;code class=&quot;highlighter-rouge&quot;&gt;s.count(str, [start], [end])&lt;/code&gt; - возвращает количесство непересекающихся вхоождений подстроки в указанном диапазоне&lt;/li&gt;
  &lt;li&gt;&lt;code class=&quot;highlighter-rouge&quot;&gt;s.strip([chars])&lt;/code&gt; - удаление пробельных символов в начале и в конце&lt;/li&gt;
&lt;/ul&gt;

&lt;p&gt;Метод &lt;code class=&quot;highlighter-rouge&quot;&gt;format&lt;/code&gt; - для форматирования строки&lt;/p&gt;

&lt;p&gt;Выозов:
&lt;code class=&quot;highlighter-rouge&quot;&gt;строка.format(параметры)&lt;/code&gt;&lt;/p&gt;

&lt;p&gt;Пример:&lt;/p&gt;
&lt;div class=&quot;language-python highlighter-rouge&quot;&gt;&lt;div class=&quot;highlight&quot;&gt;&lt;pre class=&quot;highlight&quot;&gt;&lt;code&gt;&lt;span class=&quot;n&quot;&gt;name&lt;/span&gt;&lt;span class=&quot;o&quot;&gt;=&lt;/span&gt;&lt;span class=&quot;s&quot;&gt;'Anon'&lt;/span&gt;
&lt;span class=&quot;n&quot;&gt;s&lt;/span&gt; &lt;span class=&quot;o&quot;&gt;=&lt;/span&gt; &lt;span class=&quot;s&quot;&gt;&quot;Hello {}&quot;&lt;/span&gt;&lt;span class=&quot;o&quot;&gt;.&lt;/span&gt;&lt;span class=&quot;nb&quot;&gt;format&lt;/span&gt;&lt;span class=&quot;p&quot;&gt;(&lt;/span&gt;&lt;span class=&quot;n&quot;&gt;name&lt;/span&gt;&lt;span class=&quot;p&quot;&gt;)&lt;/span&gt;
&lt;span class=&quot;k&quot;&gt;print&lt;/span&gt;&lt;span class=&quot;p&quot;&gt;(&lt;/span&gt;&lt;span class=&quot;n&quot;&gt;s&lt;/span&gt;&lt;span class=&quot;p&quot;&gt;)&lt;/span&gt;
&lt;/code&gt;&lt;/pre&gt;&lt;/div&gt;&lt;/div&gt;

&lt;p&gt;&lt;strong&gt;Кортежи(tuple):&lt;/strong&gt;
&lt;strong&gt;Кортеж(tuple)&lt;/strong&gt; - последовательность неизменяемых объектов.&lt;/p&gt;

&lt;ul&gt;
  &lt;li&gt;создается простым присваиванием элементов, раздеенных запятыми - в круглых скобках или без скобок.
    &lt;ul&gt;
      &lt;li&gt;&lt;code class=&quot;highlighter-rouge&quot;&gt;t1 = ('Python', 'C++', 1299, 3.1415)&lt;/code&gt;&lt;/li&gt;
      &lt;li&gt;&lt;code class=&quot;highlighter-rouge&quot;&gt;t2 = &quot;a&quot;, &quot;b&quot;, &quot;c&quot;, &quot;d&quot;&lt;/code&gt;&lt;/li&gt;
    &lt;/ul&gt;
  &lt;/li&gt;
  &lt;li&gt;пустой кортеж: &lt;code class=&quot;highlighter-rouge&quot;&gt;t = ()&lt;/code&gt;&lt;/li&gt;
  &lt;li&gt;кортеж из одного элемента &lt;code class=&quot;highlighter-rouge&quot;&gt;t = (1,)&lt;/code&gt;&lt;/li&gt;
  &lt;li&gt;преобразование в кортеж: &lt;code class=&quot;highlighter-rouge&quot;&gt;tuple()&lt;/code&gt;&lt;/li&gt;
  &lt;li&gt;индексы и срезы применимы&lt;/li&gt;
&lt;/ul&gt;

&lt;p&gt;&lt;strong&gt;Множества(set)&lt;/strong&gt;
&lt;strong&gt;Множество&lt;/strong&gt; - “контейнер”, содержащий не повторяющиеся элементы в случайном порядке.&lt;/p&gt;

&lt;ul&gt;
  &lt;li&gt;создание: &lt;code class=&quot;highlighter-rouge&quot;&gt;set1 = {'Python', 'C++', 1299, 3.1415}&lt;/code&gt;&lt;/li&gt;
  &lt;li&gt;пустое множество: &lt;code class=&quot;highlighter-rouge&quot;&gt;set2 = set()&lt;/code&gt;&lt;/li&gt;
  &lt;li&gt;индексы и срезы неприменимы&lt;/li&gt;
  &lt;li&gt;проверка на вхождение &lt;code class=&quot;highlighter-rouge&quot;&gt;in&lt;/code&gt;&lt;/li&gt;
&lt;/ul&gt;

&lt;p&gt;Про операции с множествами &lt;a href=&quot;https://pythoner.name/sets-operations&quot;&gt;тут&lt;/a&gt;&lt;/p&gt;

&lt;p&gt;&lt;strong&gt;Списки(list)&lt;/strong&gt;
&lt;strong&gt;Список&lt;/strong&gt; - упорядоченная коллекция объектов произвольных типов.&lt;/p&gt;

&lt;ul&gt;
  &lt;li&gt;создается перечислением элементов, разделенных запятыми, в квадратн скобках: &lt;code class=&quot;highlighter-rouge&quot;&gt;lst = ['Python', 'C++', 1299, 3.1415, (1, 2)]&lt;/code&gt;&lt;/li&gt;
  &lt;li&gt;пустой список: &lt;code class=&quot;highlighter-rouge&quot;&gt;lst = []&lt;/code&gt;&lt;/li&gt;
  &lt;li&gt;преобразование в список: &lt;code class=&quot;highlighter-rouge&quot;&gt;lst()&lt;/code&gt;&lt;/li&gt;
  &lt;li&gt;индексы и срезы применимы&lt;/li&gt;
  &lt;li&gt;списки изменяемы&lt;/li&gt;
&lt;/ul&gt;

&lt;p&gt;Генерация списков(list comprehensions)
&lt;strong&gt;Генератор списков&lt;/strong&gt; - способ построить новый список, применяя выражение к каждому элементу последовательнотси.&lt;/p&gt;

&lt;p&gt;Синтаксис: &lt;code class=&quot;highlighter-rouge&quot;&gt;[выражение for переменная in список [условие]]&lt;/code&gt;&lt;/p&gt;

&lt;ul&gt;
  &lt;li&gt;Выражение - выраженеи, которым будут заполнены элементы списка, как правило, зависящее от использованной в генераторе переменной.&lt;/li&gt;
  &lt;li&gt;переменная - идентификатор некоторой переменной.&lt;/li&gt;
  &lt;li&gt;список - список значений, который принимает данная переменная (как правило, полученный с помощью функции range())&lt;/li&gt;
  &lt;li&gt;условие - дополнительные условя фильтрации, необязательно&lt;/li&gt;
&lt;/ul&gt;

&lt;p&gt;&lt;em&gt;Пример:&lt;/em&gt;&lt;/p&gt;
&lt;div class=&quot;language-python highlighter-rouge&quot;&gt;&lt;div class=&quot;highlight&quot;&gt;&lt;pre class=&quot;highlight&quot;&gt;&lt;code&gt;&lt;span class=&quot;n&quot;&gt;lst&lt;/span&gt; &lt;span class=&quot;o&quot;&gt;=&lt;/span&gt; &lt;span class=&quot;p&quot;&gt;[&lt;/span&gt;&lt;span class=&quot;n&quot;&gt;i&lt;/span&gt;&lt;span class=&quot;o&quot;&gt;**&lt;/span&gt;&lt;span class=&quot;mi&quot;&gt;3&lt;/span&gt; &lt;span class=&quot;k&quot;&gt;for&lt;/span&gt; &lt;span class=&quot;n&quot;&gt;i&lt;/span&gt; &lt;span class=&quot;ow&quot;&gt;in&lt;/span&gt; &lt;span class=&quot;nb&quot;&gt;range&lt;/span&gt;&lt;span class=&quot;p&quot;&gt;(&lt;/span&gt;&lt;span class=&quot;mi&quot;&gt;10&lt;/span&gt;&lt;span class=&quot;p&quot;&gt;)&lt;/span&gt; &lt;span class=&quot;k&quot;&gt;if&lt;/span&gt; &lt;span class=&quot;n&quot;&gt;i&lt;/span&gt; &lt;span class=&quot;o&quot;&gt;!=&lt;/span&gt; &lt;span class=&quot;mi&quot;&gt;5&lt;/span&gt;&lt;span class=&quot;p&quot;&gt;]&lt;/span&gt;
&lt;span class=&quot;k&quot;&gt;print&lt;/span&gt;&lt;span class=&quot;p&quot;&gt;(&lt;/span&gt;&lt;span class=&quot;n&quot;&gt;lst&lt;/span&gt;&lt;span class=&quot;p&quot;&gt;)&lt;/span&gt;
&lt;/code&gt;&lt;/pre&gt;&lt;/div&gt;&lt;/div&gt;

&lt;p&gt;&lt;strong&gt;Словари(distionaries)&lt;/strong&gt;
Словарь - неупорядочееные коллекции произвольных объектов с доступом по ключу.&lt;/p&gt;

&lt;p&gt;&lt;em&gt;Пример:&lt;/em&gt;&lt;/p&gt;
&lt;div class=&quot;language-python highlighter-rouge&quot;&gt;&lt;div class=&quot;highlight&quot;&gt;&lt;pre class=&quot;highlight&quot;&gt;&lt;code&gt;&lt;span class=&quot;n&quot;&gt;d&lt;/span&gt; &lt;span class=&quot;o&quot;&gt;=&lt;/span&gt; &lt;span class=&quot;p&quot;&gt;{&lt;/span&gt;&lt;span class=&quot;s&quot;&gt;'apple'&lt;/span&gt;&lt;span class=&quot;p&quot;&gt;:&lt;/span&gt; &lt;span class=&quot;s&quot;&gt;'яблоко'&lt;/span&gt;&lt;span class=&quot;p&quot;&gt;,&lt;/span&gt; &lt;span class=&quot;mi&quot;&gt;2&lt;/span&gt; &lt;span class=&quot;p&quot;&gt;:&lt;/span&gt; &lt;span class=&quot;mi&quot;&gt;2&lt;/span&gt;&lt;span class=&quot;p&quot;&gt;,&lt;/span&gt; &lt;span class=&quot;p&quot;&gt;(&lt;/span&gt;&lt;span class=&quot;mi&quot;&gt;1&lt;/span&gt;&lt;span class=&quot;p&quot;&gt;,&lt;/span&gt; &lt;span class=&quot;mi&quot;&gt;2&lt;/span&gt;&lt;span class=&quot;p&quot;&gt;):&lt;/span&gt; &lt;span class=&quot;p&quot;&gt;[&lt;/span&gt;&lt;span class=&quot;mi&quot;&gt;1&lt;/span&gt;&lt;span class=&quot;p&quot;&gt;,&lt;/span&gt; &lt;span class=&quot;mi&quot;&gt;2&lt;/span&gt;&lt;span class=&quot;p&quot;&gt;,&lt;/span&gt; &lt;span class=&quot;mi&quot;&gt;3&lt;/span&gt;&lt;span class=&quot;p&quot;&gt;]}&lt;/span&gt;
&lt;/code&gt;&lt;/pre&gt;&lt;/div&gt;&lt;/div&gt;

&lt;p&gt;Ключи - уникальне, неизменяемые.&lt;/p&gt;

&lt;p&gt;Значения - любой объект.&lt;/p&gt;

&lt;p&gt;Индексы и срезы неприменимы.&lt;/p&gt;</content><author><name>dima</name></author><summary type="html">Конспект курса. Не дописан блок 2, блок 6+. Дописать про созалние словаря</summary></entry><entry><title type="html">Как юзать ga api вместе с google sheets</title><link href="http://localhost:4000/uncategorized/python/2019/06/01/ispolzuem-ga-api-vmeste-s-google-sheets.html" rel="alternate" type="text/html" title="Как юзать ga api вместе с google sheets" /><published>2019-06-01T00:00:00+03:00</published><updated>2019-06-01T00:00:00+03:00</updated><id>http://localhost:4000/uncategorized/python/2019/06/01/ispolzuem-ga-api-vmeste-s-google-sheets</id><content type="html" xml:base="http://localhost:4000/uncategorized/python/2019/06/01/ispolzuem-ga-api-vmeste-s-google-sheets.html">&lt;p&gt;Интересные гайды:&lt;/p&gt;

&lt;ul&gt;
  &lt;li&gt;&lt;a href=&quot;https://www.youtube.com/watch?v=9ShPY5YhVOw&quot;&gt;Google Analytics API in Your Website&lt;/a&gt;&lt;/li&gt;
  &lt;li&gt;&lt;a href=&quot;https://www.youtube.com/watch?v=EujLlA7MM-c&quot;&gt;Google Analytics Dashboard with Google Sheets (Reporting API)&lt;/a&gt;&lt;/li&gt;
&lt;/ul&gt;

&lt;!-- image
![GitHub Logo](/images/logo.png)
Format: ![Alt Text](url) 

--&gt;

&lt;!-- Link
[GitHub](http://github.com)
---&gt;

&lt;!-- to-do list
- [x] this is a complete item
- [ ] this is an incomplete item
--&gt;

&lt;!-- Table

First Header | Second Header
------------ | -------------
Content cell 1 | Content cell 2
Content column 1 | Content column 2

--&gt;</content><author><name>dima</name></author><summary type="html">Интересные гайды:</summary></entry><entry><title type="html">Настройка venv и Django Workflow</title><link href="http://localhost:4000/django/2019/01/02/configure-venv-and-django-workflow.html" rel="alternate" type="text/html" title="Настройка venv и Django Workflow" /><published>2019-01-02T00:00:00+03:00</published><updated>2019-01-02T00:00:00+03:00</updated><id>http://localhost:4000/django/2019/01/02/configure-venv-and-django-workflow</id><content type="html" xml:base="http://localhost:4000/django/2019/01/02/configure-venv-and-django-workflow.html">&lt;p&gt;1) Проверим текущую версию Python.&lt;/p&gt;

&lt;div class=&quot;highlighter-rouge&quot;&gt;&lt;div class=&quot;highlight&quot;&gt;&lt;pre class=&quot;highlight&quot;&gt;&lt;code&gt;$ python --version
Python 3.7.3
&lt;/code&gt;&lt;/pre&gt;&lt;/div&gt;&lt;/div&gt;

&lt;p&gt;2) Создаем директорию с нашим проектом и перейдем в нее.&lt;/p&gt;

&lt;div class=&quot;highlighter-rouge&quot;&gt;&lt;div class=&quot;highlight&quot;&gt;&lt;pre class=&quot;highlight&quot;&gt;&lt;code&gt;$ mkdir project_folder_name
$ cd project_folder_name
&lt;/code&gt;&lt;/pre&gt;&lt;/div&gt;&lt;/div&gt;

&lt;p&gt;3) Создаем virtual environment&lt;/p&gt;

&lt;div class=&quot;highlighter-rouge&quot;&gt;&lt;div class=&quot;highlight&quot;&gt;&lt;pre class=&quot;highlight&quot;&gt;&lt;code&gt;$ python -m venv venv
&lt;/code&gt;&lt;/pre&gt;&lt;/div&gt;&lt;/div&gt;

&lt;p&gt;4) Чтобы запустить venv, нужно из родительского каталога запустить&lt;/p&gt;

&lt;div class=&quot;highlighter-rouge&quot;&gt;&lt;div class=&quot;highlight&quot;&gt;&lt;pre class=&quot;highlight&quot;&gt;&lt;code&gt;$ source venv/bin/activate
&lt;/code&gt;&lt;/pre&gt;&lt;/div&gt;&lt;/div&gt;

&lt;p&gt;5) Установим туда Django&lt;/p&gt;

&lt;div class=&quot;highlighter-rouge&quot;&gt;&lt;div class=&quot;highlight&quot;&gt;&lt;pre class=&quot;highlight&quot;&gt;&lt;code&gt;$ pip install Django==2.1.5
&lt;/code&gt;&lt;/pre&gt;&lt;/div&gt;&lt;/div&gt;
&lt;p&gt;Если устанавливаем Flask, то используем&lt;/p&gt;

&lt;div class=&quot;highlighter-rouge&quot;&gt;&lt;div class=&quot;highlight&quot;&gt;&lt;pre class=&quot;highlight&quot;&gt;&lt;code&gt;$ pip install flask
&lt;/code&gt;&lt;/pre&gt;&lt;/div&gt;&lt;/div&gt;

&lt;p&gt;6) Создадим файлы стартового проекта&lt;/p&gt;

&lt;div class=&quot;highlighter-rouge&quot;&gt;&lt;div class=&quot;highlight&quot;&gt;&lt;pre class=&quot;highlight&quot;&gt;&lt;code&gt;$ django-admin startproject my_project
&lt;/code&gt;&lt;/pre&gt;&lt;/div&gt;&lt;/div&gt;

&lt;p&gt;7) Запустим Django&lt;/p&gt;

&lt;div class=&quot;highlighter-rouge&quot;&gt;&lt;div class=&quot;highlight&quot;&gt;&lt;pre class=&quot;highlight&quot;&gt;&lt;code&gt;$ cd my_project
$ python manage.py runserver
&lt;/code&gt;&lt;/pre&gt;&lt;/div&gt;&lt;/div&gt;</content><author><name>dima</name></author><summary type="html">1) Проверим текущую версию Python.</summary></entry><entry><title type="html">Заметки по Django</title><link href="http://localhost:4000/django/2019/01/02/django-zamitki.html" rel="alternate" type="text/html" title="Заметки по Django" /><published>2019-01-02T00:00:00+03:00</published><updated>2019-01-02T00:00:00+03:00</updated><id>http://localhost:4000/django/2019/01/02/django-zamitki</id><content type="html" xml:base="http://localhost:4000/django/2019/01/02/django-zamitki.html">&lt;p&gt;после создания проекта внутри появятся файлы.&lt;/p&gt;

&lt;div class=&quot;highlighter-rouge&quot;&gt;&lt;div class=&quot;highlight&quot;&gt;&lt;pre class=&quot;highlight&quot;&gt;&lt;code&gt;manage.py - консольная утилита
project-name - папка с названием проекта
----
	|- __init__.py - файл, чтобы сообщить питону что данная директория является пакетом
	|- settings.py - настройки
	|- urls.py - корневая URL привязка
	|- wsgi.py - файл для вебсерверов

&lt;/code&gt;&lt;/pre&gt;&lt;/div&gt;&lt;/div&gt;

&lt;p&gt;что внутри settings.py&lt;/p&gt;

&lt;p&gt;&lt;code class=&quot;highlighter-rouge&quot;&gt;INSTALLED_APPS&lt;/code&gt; - список установленных приложений
&lt;code class=&quot;highlighter-rouge&quot;&gt;DATABASES&lt;/code&gt; - настройка для соединения с БД&lt;/p&gt;

&lt;p&gt;Как сделать, чтобы приложения были внутри папки apps в нашем проекте.&lt;/p&gt;

&lt;p&gt;Создаем приложение&lt;/p&gt;
&lt;div class=&quot;highlighter-rouge&quot;&gt;&lt;div class=&quot;highlight&quot;&gt;&lt;pre class=&quot;highlight&quot;&gt;&lt;code&gt;python manage.py startapp custom_app_name
&lt;/code&gt;&lt;/pre&gt;&lt;/div&gt;&lt;/div&gt;

&lt;p&gt;В файл settings.py дописываем небольшой код. Будет выглядеть типа так&lt;/p&gt;

&lt;div class=&quot;highlighter-rouge&quot;&gt;&lt;div class=&quot;highlight&quot;&gt;&lt;pre class=&quot;highlight&quot;&gt;&lt;code&gt;...
import os, sys

# Build paths inside the project like this: os.path.join(BASE_DIR, ...)

BASE_DIR = os.path.dirname(os.path.dirname(os.path.abspath(__file__)))

PROJECT_ROOT = os.path.dirname(__file__)
sys.path.insert(0, os.path.join(PROJECT_ROOT, '_apps_'))
...

&lt;/code&gt;&lt;/pre&gt;&lt;/div&gt;&lt;/div&gt;

&lt;p&gt;`+ Внутри проекта создаем папку apps, а внутрь закидываем наше созданное приложение.&lt;/p&gt;

&lt;div class=&quot;highlighter-rouge&quot;&gt;&lt;div class=&quot;highlight&quot;&gt;&lt;pre class=&quot;highlight&quot;&gt;&lt;code&gt;manage.py

project-name
	|- __init__.py
	|- settings.py
	|- urls.py
	|- wsgi.py
	|-apps
		|-custom_app_name
			|- migrations
			|-_init_.py
			|- admin.py - тут будем указывать, какие данные будут редактироваться в админке
			|- apps.py - указываем конфиг нашего приложения
			|- models.py - указываем модель нашего приложения
			|- test.py - файл, в котором можно прописывать тесты
			|- views.py - тут прописываем логику приложения
			|- urls.py (сами создаем) - url привязка локальная для данного приложения
			|- forms.py (сами создаем) - для работы с формами

&lt;/code&gt;&lt;/pre&gt;&lt;/div&gt;&lt;/div&gt;

&lt;h2 id=&quot;как-создать-страницу-роутинг-в-django&quot;&gt;Как создать страницу (роутинг в Django)&lt;/h2&gt;

&lt;h2 id=&quot;модели&quot;&gt;Модели&lt;/h2&gt;

&lt;p&gt;В файле model.py - мы объясняем джанге из чего состоит наше приложение. Что ей хранить в БД&lt;/p&gt;

&lt;h1 id=&quot;миграции&quot;&gt;Миграции&lt;/h1&gt;
&lt;p&gt;Такой метод благодаря которому джанго понимает какие изменения и когда он вносит в БД, чтобы можно было откатываться и тп&lt;/p&gt;

&lt;p&gt;Чтобы создать миграцию нужно&lt;/p&gt;

&lt;ol&gt;
  &lt;li&gt;Добавить наше приложение в файл settings.py в секцию installedAPPS&lt;/li&gt;
&lt;/ol&gt;

&lt;p&gt;будет выглядеть типа так&lt;/p&gt;

&lt;div class=&quot;language-python highlighter-rouge&quot;&gt;&lt;div class=&quot;highlight&quot;&gt;&lt;pre class=&quot;highlight&quot;&gt;&lt;code&gt;&lt;span class=&quot;n&quot;&gt;INSTALLED_APPS&lt;/span&gt; &lt;span class=&quot;o&quot;&gt;=&lt;/span&gt; &lt;span class=&quot;p&quot;&gt;[&lt;/span&gt;
    &lt;span class=&quot;s&quot;&gt;'django.contrib.admin'&lt;/span&gt;&lt;span class=&quot;p&quot;&gt;,&lt;/span&gt;
    &lt;span class=&quot;s&quot;&gt;'django.contrib.auth'&lt;/span&gt;&lt;span class=&quot;p&quot;&gt;,&lt;/span&gt;
    &lt;span class=&quot;s&quot;&gt;'django.contrib.contenttypes'&lt;/span&gt;&lt;span class=&quot;p&quot;&gt;,&lt;/span&gt;
    &lt;span class=&quot;s&quot;&gt;'django.contrib.sessions'&lt;/span&gt;&lt;span class=&quot;p&quot;&gt;,&lt;/span&gt;
    &lt;span class=&quot;s&quot;&gt;'django.contrib.messages'&lt;/span&gt;&lt;span class=&quot;p&quot;&gt;,&lt;/span&gt;
    &lt;span class=&quot;s&quot;&gt;'django.contrib.staticfiles'&lt;/span&gt;&lt;span class=&quot;p&quot;&gt;,&lt;/span&gt;
    &lt;span class=&quot;s&quot;&gt;'atricles.apps.AtriclesConfig'&lt;/span&gt;&lt;span class=&quot;p&quot;&gt;,&lt;/span&gt; &lt;span class=&quot;c1&quot;&gt;# наше добавленное приложение
&lt;/span&gt;&lt;span class=&quot;p&quot;&gt;]&lt;/span&gt;
&lt;/code&gt;&lt;/pre&gt;&lt;/div&gt;&lt;/div&gt;

&lt;ol&gt;
  &lt;li&gt;Создать и запустить миграцию&lt;/li&gt;
&lt;/ol&gt;

&lt;div class=&quot;language-bash highlighter-rouge&quot;&gt;&lt;div class=&quot;highlight&quot;&gt;&lt;pre class=&quot;highlight&quot;&gt;&lt;code&gt;&lt;span class=&quot;nv&quot;&gt;$ &lt;/span&gt;python manage.py makemigrations your_app_name
Migrations &lt;span class=&quot;k&quot;&gt;for&lt;/span&gt; &lt;span class=&quot;s1&quot;&gt;'articles'&lt;/span&gt;:
  myfirst/apps/articles/migrations/0001_initial.py
    - Create model Article
    - Create model Comment
&lt;span class=&quot;nv&quot;&gt;$ &lt;/span&gt;python manage.py migrate
&lt;/code&gt;&lt;/pre&gt;&lt;/div&gt;&lt;/div&gt;

&lt;h2 id=&quot;orm-django&quot;&gt;ORM Django&lt;/h2&gt;</content><author><name>dima</name></author><summary type="html">после создания проекта внутри появятся файлы.</summary></entry><entry><title type="html">Git FAQ</title><link href="http://localhost:4000/git/2019/01/01/git-faq.html" rel="alternate" type="text/html" title="Git FAQ" /><published>2019-01-01T00:00:00+03:00</published><updated>2019-01-01T00:00:00+03:00</updated><id>http://localhost:4000/git/2019/01/01/git-faq</id><content type="html" xml:base="http://localhost:4000/git/2019/01/01/git-faq.html">&lt;h1 id=&quot;how-to-use-git-mini-faq&quot;&gt;How to use git mini faq&lt;/h1&gt;

&lt;p&gt;&lt;strong&gt;Как залить изменения на github&lt;/strong&gt;&lt;/p&gt;

&lt;ol&gt;
  &lt;li&gt;&lt;code class=&quot;highlighter-rouge&quot;&gt;git status&lt;/code&gt; - проверим статус иземенеий&lt;/li&gt;
  &lt;li&gt;&lt;code class=&quot;highlighter-rouge&quot;&gt;git add -A&lt;/code&gt; - добавляем все что есть&lt;/li&gt;
  &lt;li&gt;&lt;code class=&quot;highlighter-rouge&quot;&gt;git commit -m &quot;my commit.&quot;&lt;/code&gt; - коммитим&lt;/li&gt;
  &lt;li&gt;&lt;code class=&quot;highlighter-rouge&quot;&gt;git push origin master&lt;/code&gt; - заливаем&lt;/li&gt;
&lt;/ol&gt;</content><author><name>dima</name></author><summary type="html">How to use git mini faq</summary></entry><entry><title type="html">Настройка Sublime Text 3</title><link href="http://localhost:4000/uncategorized/2018/09/22/nastroyka-sublime-text.html" rel="alternate" type="text/html" title="Настройка Sublime Text 3" /><published>2018-09-22T00:00:00+03:00</published><updated>2018-09-22T00:00:00+03:00</updated><id>http://localhost:4000/uncategorized/2018/09/22/nastroyka-sublime-text</id><content type="html" xml:base="http://localhost:4000/uncategorized/2018/09/22/nastroyka-sublime-text.html">&lt;p&gt;Для начала отключим проверку обновлений 
Для этого сделем следующее:
Preferences -&amp;gt; Settings - User и добавить туда следующую строчку:&lt;/p&gt;

&lt;div class=&quot;highlighter-rouge&quot;&gt;&lt;div class=&quot;highlight&quot;&gt;&lt;pre class=&quot;highlight&quot;&gt;&lt;code&gt;&quot;update_check&quot;: false, 
&lt;/code&gt;&lt;/pre&gt;&lt;/div&gt;&lt;/div&gt;

&lt;h2 id=&quot;1-настройка-package-control&quot;&gt;1. Настройка Package Control&lt;/h2&gt;
&lt;ul&gt;
  &lt;li&gt;Нажимаем ctrl+shift+p&lt;/li&gt;
  &lt;li&gt;вводим туда install package control&lt;/li&gt;
  &lt;li&gt;появится окошко , что все ок&lt;/li&gt;
&lt;/ul&gt;

&lt;h2 id=&quot;2-установка-пакетов&quot;&gt;2. Установка пакетов&lt;/h2&gt;

&lt;ul&gt;
  &lt;li&gt;Нажимаем ctrl+shift+p&lt;/li&gt;
  &lt;li&gt;открываем package control&lt;/li&gt;
  &lt;li&gt;устанавливаем пакеты:&lt;/li&gt;
  &lt;li&gt;emmet&lt;/li&gt;
  &lt;li&gt;AutoFileName - дополняет код при написании путей до файлов в вёрстке;&lt;/li&gt;
  &lt;li&gt;Gist - подключает в Sublime Text возможность использовать сервис сниппетов кода GitHub Gist. Урок по Gist;&lt;/li&gt;
  &lt;li&gt;Sass - плагин для подсветки Sass синтаксиса в Sass и Scss файлах. Раскрывает Emmet в Sass файлах.&lt;/li&gt;
  &lt;li&gt;One Dark Color Scheme - цветовая схема для подсветки кода;&lt;/li&gt;
  &lt;li&gt;One Dark Material - Theme - тема оформления UI Sublime Text.&lt;/li&gt;
  &lt;li&gt;Sublime Jekyll - чтобы как нормальный человек работать с jekyll сайтов в саблайме.&lt;/li&gt;
&lt;/ul&gt;

&lt;h2 id=&quot;3-открываем-preferences---settings-и-вставляем-пресет&quot;&gt;3. Открываем preferences - Settings и вставляем пресет&lt;/h2&gt;

&lt;div class=&quot;highlighter-rouge&quot;&gt;&lt;div class=&quot;highlight&quot;&gt;&lt;pre class=&quot;highlight&quot;&gt;&lt;code&gt;{
    &quot;show_definitions&quot;: false,
    &quot;auto_complete&quot;: false,
    &quot;bold_folder_labels&quot;: true,
    &quot;color_scheme&quot;: &quot;Packages/One Dark Material - Theme/schemes/OneDark.tmTheme&quot;,
    &quot;fold_buttons&quot;: false,
    &quot;font_size&quot;: 10,
    &quot;highlight_line&quot;: true,
    &quot;indent_guide_options&quot;:
    [
        &quot;draw_normal&quot;,
        &quot;draw_active&quot;
    ],
    &quot;line_padding_bottom&quot;: 2,
    &quot;line_padding_top&quot;: 2,
    &quot;margin&quot;: 2,
    &quot;material_theme_compact_sidebar&quot;: true,
    &quot;material_theme_compact_panel&quot;: true,
    &quot;material_theme_small_statusbar&quot;: true,
    &quot;material_theme_small_tab&quot;: true,
    &quot;tab_size&quot;: 2,
    &quot;theme&quot;: &quot;OneDarkMaterial.sublime-theme&quot;,
    &quot;word_wrap&quot;: &quot;false&quot;,

}
&lt;/code&gt;&lt;/pre&gt;&lt;/div&gt;&lt;/div&gt;

&lt;h2 id=&quot;4-неплохо-бы-поставить-пакет-sublime-jekyll&quot;&gt;4. Неплохо бы поставить пакет sublime-jekyll&lt;/h2&gt;
&lt;p&gt;&lt;a href=&quot;https://sublime-jekyll.readthedocs.io/en/latest/&quot; target=&quot;_blank&quot;&gt;Документация пакета sublime-jekyll&lt;/a&gt;&lt;/p&gt;

&lt;ol&gt;
  &lt;li&gt;Устанавлиаем пакет через &lt;code class=&quot;highlighter-rouge&quot;&gt;ctrl + shift + p&lt;/code&gt; введя jekyll.&lt;/li&gt;
  &lt;li&gt;Установили, ок.&lt;/li&gt;
  &lt;li&gt;Далее в User-Settings дописываем конфигурацию для пакета.
Локальный реп лежит всегда по пути &lt;code class=&quot;highlighter-rouge&quot;&gt;D:\\Documents\\Github Repository\\sitename.github.io&lt;/code&gt;
Дописываем (копипастим) следующие строчки в user settings&lt;/li&gt;
&lt;/ol&gt;

&lt;div class=&quot;highlighter-rouge&quot;&gt;&lt;div class=&quot;highlight&quot;&gt;&lt;pre class=&quot;highlight&quot;&gt;&lt;code&gt;&quot;Jekyll&quot;:
    {
        &quot;jekyll_drafts_path&quot;: &quot;D:\\Documents\\Github Repository\\akulich1.github.io\\_drafts&quot;,
        &quot;jekyll_posts_path&quot;: &quot;D:\\Documents\\Github Repository\\akulich1.github.io\\_posts&quot;,
        &quot;jekyll_uploads_path&quot;: &quot;D:\\Documents\\Github Repository\\akulich1.github.io\\_uploads&quot;,
        &quot;jekyll_templates_path&quot;: &quot;D:\\Documents\\Github Repository\\akulich1.github.io\\_templates&quot;,
    },
&lt;/code&gt;&lt;/pre&gt;&lt;/div&gt;&lt;/div&gt;

&lt;ol&gt;
  &lt;li&gt;Все, все команды для плагина доступны из &lt;code class=&quot;highlighter-rouge&quot;&gt;ctrl + shift + p&lt;/code&gt;. Описание к командам &lt;a href=&quot;https://sublime-jekyll.readthedocs.io/en/latest/commands.html&quot; target=&quot;_blank&quot;&gt;тут&lt;/a&gt;&lt;/li&gt;
&lt;/ol&gt;

&lt;p&gt;Код шаблона &lt;code class=&quot;highlighter-rouge&quot;&gt;template-name.yaml&lt;/code&gt;, что в &lt;code class=&quot;highlighter-rouge&quot;&gt;_templates&lt;/code&gt; лежит.&lt;/p&gt;

&lt;div class=&quot;language-yaml highlighter-rouge&quot;&gt;&lt;div class=&quot;highlight&quot;&gt;&lt;pre class=&quot;highlight&quot;&gt;&lt;code&gt;&lt;span class=&quot;c1&quot;&gt;# defaul post&lt;/span&gt;
&lt;span class=&quot;nn&quot;&gt;---&lt;/span&gt;
&lt;span class=&quot;na&quot;&gt;title&lt;/span&gt;&lt;span class=&quot;pi&quot;&gt;:&lt;/span&gt; &lt;span class=&quot;s&quot;&gt;basic&lt;/span&gt;
&lt;span class=&quot;na&quot;&gt;categories&lt;/span&gt;&lt;span class=&quot;pi&quot;&gt;:&lt;/span&gt;
  &lt;span class=&quot;pi&quot;&gt;-&lt;/span&gt; &lt;span class=&quot;s&quot;&gt;uncategorised yet&lt;/span&gt;
&lt;span class=&quot;na&quot;&gt;tags&lt;/span&gt;&lt;span class=&quot;pi&quot;&gt;:&lt;/span&gt;
  &lt;span class=&quot;pi&quot;&gt;-&lt;/span&gt; &lt;span class=&quot;s&quot;&gt;untagged yet&lt;/span&gt;
&lt;span class=&quot;nn&quot;&gt;---&lt;/span&gt;

&lt;span class=&quot;s&quot;&gt;&amp;lt;!-- image&lt;/span&gt;
&lt;span class=&quot;kt&quot;&gt;![GitHub&lt;/span&gt; &lt;span class=&quot;s&quot;&gt;Logo](/images/logo.png)&lt;/span&gt;
&lt;span class=&quot;na&quot;&gt;Format&lt;/span&gt;&lt;span class=&quot;pi&quot;&gt;:&lt;/span&gt; &lt;span class=&quot;kt&quot;&gt;![Alt&lt;/span&gt; &lt;span class=&quot;s&quot;&gt;Text](url)&lt;/span&gt; 

&lt;span class=&quot;s&quot;&gt;--&amp;gt;&lt;/span&gt;

&lt;span class=&quot;s&quot;&gt;&amp;lt;!-- Link&lt;/span&gt;
&lt;span class=&quot;pi&quot;&gt;[&lt;/span&gt;&lt;span class=&quot;nv&quot;&gt;GitHub&lt;/span&gt;&lt;span class=&quot;pi&quot;&gt;]&lt;/span&gt;&lt;span class=&quot;s&quot;&gt;(http://github.com)&lt;/span&gt;
&lt;span class=&quot;s&quot;&gt;---&amp;gt;&lt;/span&gt;

&lt;span class=&quot;s&quot;&gt;&amp;lt;!-- to-do list&lt;/span&gt;
&lt;span class=&quot;pi&quot;&gt;-&lt;/span&gt; &lt;span class=&quot;pi&quot;&gt;[&lt;/span&gt;&lt;span class=&quot;nv&quot;&gt;x&lt;/span&gt;&lt;span class=&quot;pi&quot;&gt;]&lt;/span&gt; &lt;span class=&quot;s&quot;&gt;this is a complete item&lt;/span&gt;
&lt;span class=&quot;pi&quot;&gt;-&lt;/span&gt; &lt;span class=&quot;pi&quot;&gt;[&lt;/span&gt; &lt;span class=&quot;pi&quot;&gt;]&lt;/span&gt; &lt;span class=&quot;s&quot;&gt;this is an incomplete item&lt;/span&gt;
&lt;span class=&quot;s&quot;&gt;--&amp;gt;&lt;/span&gt;

&lt;span class=&quot;s&quot;&gt;&amp;lt;!-- Table&lt;/span&gt;

&lt;span class=&quot;s&quot;&gt;First Header | Second Header&lt;/span&gt;
&lt;span class=&quot;s&quot;&gt;------------ | -------------&lt;/span&gt;
&lt;span class=&quot;s&quot;&gt;Content cell 1 | Content cell &lt;/span&gt;&lt;span class=&quot;m&quot;&gt;2&lt;/span&gt;
&lt;span class=&quot;s&quot;&gt;Content column 1 | Content column &lt;/span&gt;&lt;span class=&quot;m&quot;&gt;2&lt;/span&gt;

&lt;span class=&quot;s&quot;&gt;--&amp;gt;&lt;/span&gt;
&lt;/code&gt;&lt;/pre&gt;&lt;/div&gt;&lt;/div&gt;

&lt;h2 id=&quot;5-ну-и-последним-шагом-поставим-md-preview-в-sublime&quot;&gt;5. Ну и последним шагом поставим md preview в sublime&lt;/h2&gt;

&lt;p&gt;&lt;a href=&quot;https://packagecontrol.io/packages/MarkdownLivePreview&quot;&gt;Ссылка на пакет&lt;/a&gt;&lt;/p&gt;

&lt;ul&gt;
  &lt;li&gt;через &lt;code class=&quot;highlighter-rouge&quot;&gt;ctrl + shift + p&lt;/code&gt; устанавливаем markdown livepreview&lt;/li&gt;
  &lt;li&gt;Из md файла превью запускается через &lt;code class=&quot;highlighter-rouge&quot;&gt;alt+ m&lt;/code&gt;&lt;/li&gt;
&lt;/ul&gt;</content><author><name>dima</name></author><category term="in process" /><summary type="html">Для начала отключим проверку обновлений Для этого сделем следующее: Preferences -&amp;gt; Settings - User и добавить туда следующую строчку:</summary></entry></feed>